gender,samerace,wave,field,like,met,age_diff,sinsere_o,ambitous_o,funny_o,match
0.0,0,1.0,126.0,7.0,0.0,-6.0,8.0,8.0,8.0,0.0
0.0,0,1.0,126.0,7.0,1.0,-1.0,8.0,7.0,7.0,0.0
0.0,0,1.0,126.0,7.0,0.0,-2.0,8.0,9.0,8.0,1.0
0.0,0,1.0,126.0,6.0,0.0,-3.0,7.0,9.0,6.0,1.0
0.0,0,1.0,126.0,6.0,0.0,-4.0,7.0,7.0,8.0,0.0
0.0,0,1.0,126.0,6.0,0.0,-9.0,6.0,8.0,5.0,0.0
0.0,0,1.0,126.0,7.0,0.0,-7.0,7.0,8.0,8.0,1.0
0.0,0,1.0,126.0,6.0,0.0,-3.0,6.0,6.0,6.0,0.0
0.0,1,1.0,236.0,6.0,0.0,-3.0,7.0,7.0,9.0,0.0
0.0,1,1.0,236.0,7.0,0.0,2.0,6.0,6.0,6.0,0.0
0.0,0,1.0,236.0,6.0,0.0,2.0,10.0,10.0,10.0,0.0
0.0,1,1.0,236.0,7.0,0.0,1.0,9.0,9.0,9.0,1.0
0.0,0,1.0,236.0,8.0,1.0,0.0,10.0,7.0,10.0,0.0
0.0,1,1.0,236.0,6.0,0.0,-1.0,8.0,7.0,5.0,0.0
0.0,1,1.0,236.0,8.0,0.0,-6.0,3.0,5.0,3.0,0.0
0.0,1,1.0,236.0,5.0,0.0,-3.0,7.0,7.0,7.0,0.0
0.0,1,1.0,236.0,5.0,0.0,-4.0,6.0,8.0,9.0,1.0
0.0,1,1.0,236.0,8.0,0.0,0.0,5.0,9.0,7.0,0.0
0.0,1,1.0,126.0,6.0,0.0,-4.0,7.0,7.0,7.0,0.0
0.0,1,1.0,126.0,8.0,1.0,1.0,5.0,6.0,6.0,0.0
0.0,0,1.0,126.0,4.0,0.0,1.0,10.0,10.0,10.0,0.0
0.0,1,1.0,126.0,8.0,1.0,0.0,7.0,9.0,9.0,1.0
0.0,0,1.0,126.0,7.0,0.0,-1.0,8.0,8.0,8.0,0.0
0.0,1,1.0,126.0,4.0,0.0,-2.0,6.0,8.0,7.0,0.0
0.0,1,1.0,126.0,5.0,0.0,-7.0,6.0,6.0,5.0,0.0
0.0,1,1.0,126.0,6.0,0.0,-4.0,7.0,6.0,6.0,0.0
0.0,1,1.0,126.0,8.0,0.0,-5.0,7.0,9.0,10.0,1.0
0.0,1,1.0,126.0,10.0,0.0,-1.0,8.0,8.0,7.0,0.0
0.0,0,1.0,236.0,6.0,0.0,-4.0,9.0,8.0,9.0,0.0
0.0,0,1.0,236.0,7.0,0.0,1.0,8.0,7.0,6.0,0.0
0.0,1,1.0,236.0,6.0,1.0,1.0,10.0,10.0,10.0,0.0
0.0,0,1.0,236.0,9.0,0.0,0.0,8.0,9.0,7.0,1.0
0.0,0,1.0,236.0,4.0,1.0,-1.0,7.0,9.0,7.0,0.0
0.0,0,1.0,236.0,2.0,0.0,-2.0,6.0,8.0,8.0,0.0
0.0,0,1.0,236.0,8.0,0.0,-7.0,6.0,5.0,4.0,0.0
0.0,0,1.0,236.0,5.0,0.0,-4.0,7.0,8.0,7.0,0.0
0.0,0,1.0,236.0,9.0,0.0,-5.0,7.0,6.0,6.0,1.0
0.0,0,1.0,236.0,9.0,0.0,-1.0,10.0,10.0,6.0,0.0
0.0,0,1.0,126.0,7.0,0.0,-5.0,8.0,7.0,8.0,0.0
0.0,0,1.0,126.0,7.0,1.0,0.0,9.0,6.0,6.0,0.0
0.0,1,1.0,126.0,7.0,1.0,0.0,10.0,10.0,10.0,0.0
0.0,0,1.0,126.0,8.0,1.0,-1.0,8.0,9.0,8.0,1.0
0.0,0,1.0,126.0,5.0,1.0,-2.0,7.0,9.0,6.0,0.0
0.0,0,1.0,126.0,5.0,0.0,-3.0,8.0,6.0,6.0,0.0
0.0,0,1.0,126.0,8.0,0.0,-8.0,6.0,4.0,4.0,0.0
0.0,0,1.0,126.0,5.0,0.0,-5.0,7.0,7.0,7.0,0.0
0.0,0,1.0,126.0,6.0,0.0,-6.0,7.0,9.0,9.0,1.0
0.0,0,1.0,126.0,7.0,0.0,-2.0,6.0,8.0,6.0,0.0
0.0,0,1.0,144.0,5.0,0.0,-1.0,8.0,7.0,8.0,0.0
0.0,0,1.0,144.0,10.0,0.0,4.0,8.0,6.0,7.0,1.0
0.0,0,1.0,144.0,8.0,0.0,4.0,10.0,10.0,10.0,1.0
0.0,0,1.0,144.0,7.0,0.0,3.0,8.0,8.0,8.0,1.0
0.0,0,1.0,144.0,5.0,0.0,2.0,9.0,7.0,9.0,1.0
0.0,0,1.0,144.0,6.0,0.0,1.0,6.0,7.0,8.0,1.0
0.0,0,1.0,144.0,7.0,0.0,-4.0,6.0,6.0,8.0,1.0
0.0,0,1.0,144.0,7.0,0.0,-1.0,7.0,6.0,7.0,0.0
0.0,0,1.0,144.0,7.0,0.0,-2.0,6.0,6.0,7.0,1.0
0.0,0,1.0,144.0,8.0,0.0,2.0,6.0,6.0,6.0,0.0
1.0,0,1.0,85.0,7.0,0.0,6.0,9.0,6.0,7.0,0.0
1.0,1,1.0,85.0,7.0,0.0,3.0,7.0,6.0,4.0,0.0
1.0,1,1.0,85.0,5.0,1.0,2.0,9.0,8.0,7.0,0.0
1.0,1,1.0,85.0,6.0,0.0,4.0,10.0,8.0,5.0,0.0
1.0,1,1.0,85.0,6.0,0.0,6.0,8.0,2.0,2.0,0.0
1.0,0,1.0,85.0,7.0,0.0,4.0,9.0,7.0,6.0,0.0
1.0,0,1.0,85.0,7.0,0.0,5.0,8.0,7.0,5.0,0.0
1.0,1,1.0,85.0,7.0,0.0,2.0,8.0,7.0,4.0,0.0
1.0,0,1.0,85.0,6.0,0.0,1.0,10.0,7.0,8.0,0.0
1.0,0,1.0,126.0,8.0,0.0,1.0,8.0,5.0,8.0,0.0
1.0,1,1.0,126.0,8.0,0.0,-2.0,5.0,9.0,6.0,0.0
1.0,1,1.0,126.0,7.0,0.0,-3.0,7.0,9.0,8.0,0.0
1.0,1,1.0,126.0,6.0,1.0,-1.0,7.0,7.0,10.0,0.0
1.0,1,1.0,126.0,7.0,1.0,1.0,6.0,5.0,5.0,0.0
1.0,0,1.0,126.0,7.0,0.0,-1.0,9.0,8.0,6.0,0.0
1.0,0,1.0,126.0,8.0,1.0,0.0,6.0,9.0,4.0,0.0
1.0,1,1.0,126.0,9.0,0.0,-3.0,7.0,6.0,9.0,1.0
1.0,0,1.0,126.0,8.0,0.0,-4.0,10.0,10.0,10.0,1.0
1.0,0,1.0,30.0,7.0,0.0,4.0,9.0,6.0,4.0,0.0
1.0,1,1.0,30.0,7.0,0.0,1.0,7.0,6.0,3.0,0.0
1.0,1,1.0,30.0,6.0,0.0,0.0,10.0,9.0,7.0,0.0
1.0,1,1.0,30.0,6.0,0.0,2.0,10.0,8.0,4.0,0.0
1.0,1,1.0,30.0,6.0,0.0,4.0,6.0,7.0,5.0,0.0
1.0,0,1.0,30.0,6.0,0.0,2.0,7.0,1.0,1.0,0.0
1.0,0,1.0,30.0,7.0,0.0,3.0,8.0,5.0,4.0,0.0
1.0,1,1.0,30.0,7.0,0.0,0.0,8.0,6.0,5.0,1.0
1.0,0,1.0,30.0,6.0,0.0,-1.0,9.0,6.0,7.0,1.0
1.0,0,1.0,251.0,2.0,0.0,9.0,6.0,6.0,4.0,0.0
1.0,1,1.0,251.0,4.0,0.0,6.0,5.0,7.0,6.0,0.0
1.0,1,1.0,251.0,2.0,0.0,5.0,9.0,7.0,7.0,0.0
1.0,1,1.0,251.0,6.0,0.0,7.0,10.0,10.0,7.0,0.0
1.0,1,1.0,251.0,3.0,0.0,9.0,6.0,5.0,5.0,0.0
1.0,0,1.0,251.0,3.0,0.0,7.0,8.0,3.0,8.0,0.0
1.0,0,1.0,251.0,5.0,0.0,8.0,7.0,7.0,7.0,0.0
1.0,1,1.0,251.0,4.0,0.0,5.0,7.0,7.0,5.0,0.0
1.0,0,1.0,251.0,8.0,0.0,4.0,8.0,6.0,6.0,1.0
1.0,0,1.0,30.0,7.0,0.0,6.0,9.0,5.0,6.0,0.0
1.0,1,1.0,30.0,7.0,0.0,3.0,8.0,9.0,5.0,0.0
1.0,1,1.0,30.0,5.0,0.0,2.0,9.0,9.0,8.0,0.0
1.0,1,1.0,30.0,7.0,0.0,4.0,9.0,9.0,5.0,0.0
1.0,1,1.0,30.0,6.0,0.0,6.0,5.0,7.0,6.0,0.0
1.0,0,1.0,30.0,7.0,0.0,4.0,8.0,8.0,2.0,0.0
1.0,0,1.0,30.0,7.0,0.0,5.0,7.0,9.0,5.0,0.0
1.0,1,1.0,30.0,7.0,0.0,2.0,6.0,5.0,4.0,1.0
1.0,0,1.0,30.0,7.0,0.0,1.0,7.0,9.0,7.0,0.0
1.0,0,1.0,85.0,6.0,0.0,3.0,6.0,10.0,8.0,0.0
1.0,1,1.0,85.0,6.0,0.0,0.0,7.0,9.0,7.0,0.0
1.0,1,1.0,85.0,5.0,0.0,-1.0,7.0,9.0,7.0,0.0
1.0,1,1.0,85.0,7.0,0.0,1.0,9.0,8.0,10.0,0.0
1.0,1,1.0,85.0,4.0,0.0,3.0,6.0,6.0,9.0,0.0
1.0,0,1.0,85.0,6.0,0.0,1.0,9.0,10.0,9.0,0.0
1.0,0,1.0,85.0,7.0,0.0,2.0,6.0,8.0,7.0,0.0
1.0,1,1.0,85.0,8.0,0.0,-1.0,6.0,9.0,7.0,1.0
1.0,0,1.0,85.0,6.0,0.0,-2.0,8.0,7.0,8.0,0.0
1.0,1,1.0,85.0,7.0,0.0,-2.0,9.0,8.0,10.0,0.0
0.0,1,2.0,170.0,9.0,1.0,-4.0,10.0,4.0,6.0,0.0
0.0,0,2.0,170.0,6.0,0.0,-3.0,5.0,6.0,4.0,0.0
0.0,0,2.0,170.0,6.0,0.0,-3.0,7.0,7.0,6.0,0.0
0.0,0,2.0,170.0,5.0,0.0,-7.0,8.0,9.0,7.0,0.0
0.0,0,2.0,170.0,8.0,0.0,-5.0,7.0,9.0,8.0,0.0
0.0,0,2.0,170.0,5.0,0.0,-9.0,5.0,5.0,5.0,0.0
0.0,0,2.0,170.0,6.0,0.0,-1.0,8.0,8.0,5.0,0.0
0.0,1,2.0,170.0,9.0,0.0,-4.0,7.0,6.0,4.0,0.0
0.0,0,2.0,170.0,2.0,0.0,-2.0,8.0,2.0,3.0,0.0
0.0,0,2.0,170.0,6.0,0.0,0.0,6.0,7.0,6.0,0.0
0.0,0,2.0,170.0,6.0,0.0,-7.0,8.0,7.0,7.0,0.0
0.0,0,2.0,170.0,6.0,0.0,-7.0,7.0,7.0,7.0,0.0
0.0,0,2.0,170.0,8.0,0.0,-2.0,8.0,9.0,7.0,0.0
0.0,0,2.0,202.0,6.0,0.0,2.0,10.0,6.0,8.0,0.0
0.0,0,2.0,202.0,3.0,0.0,4.0,6.0,5.0,5.0,0.0
0.0,0,2.0,202.0,4.0,0.0,3.0,5.0,5.0,3.0,0.0
0.0,0,2.0,202.0,6.0,0.0,3.0,7.0,8.0,6.0,1.0
0.0,0,2.0,202.0,6.0,0.0,-1.0,7.0,6.0,5.0,1.0
0.0,0,2.0,202.0,7.0,0.0,1.0,8.0,6.0,5.0,0.0
0.0,0,2.0,202.0,2.0,0.0,4.0,2.0,2.0,2.0,0.0
0.0,0,2.0,202.0,2.0,0.0,6.0,6.0,5.0,6.0,0.0
0.0,0,2.0,202.0,8.0,0.0,-1.0,8.0,8.0,7.0,0.0
0.0,0,2.0,202.0,4.0,0.0,-1.0,7.0,6.0,6.0,0.0
0.0,1,2.0,202.0,7.0,0.0,4.0,8.0,10.0,7.0,0.0
0.0,1,2.0,178.0,8.0,0.0,-4.0,4.0,4.0,7.0,0.0
0.0,0,2.0,178.0,7.0,0.0,-3.0,6.0,3.0,4.0,1.0
0.0,0,2.0,178.0,9.0,1.0,-3.0,8.0,7.0,10.0,1.0
0.0,0,2.0,178.0,7.0,0.0,-7.0,8.0,6.0,6.0,1.0
0.0,0,2.0,178.0,7.0,0.0,-5.0,8.0,8.0,8.0,0.0
0.0,0,2.0,178.0,6.0,0.0,-9.0,6.0,7.0,4.0,0.0
0.0,0,2.0,178.0,6.0,0.0,-1.0,6.0,3.0,4.0,0.0
0.0,1,2.0,178.0,8.0,0.0,-4.0,8.0,7.0,6.0,0.0
0.0,0,2.0,178.0,6.0,0.0,-2.0,6.0,1.0,1.0,0.0
0.0,0,2.0,178.0,6.0,0.0,0.0,7.0,6.0,6.0,0.0
0.0,0,2.0,178.0,6.0,0.0,-7.0,7.0,9.0,7.0,0.0
0.0,0,2.0,178.0,6.0,0.0,-2.0,9.0,10.0,8.0,0.0
0.0,1,2.0,254.0,7.0,0.0,-3.0,6.0,6.0,5.0,0.0
0.0,0,2.0,191.0,6.0,0.0,0.0,10.0,8.0,9.0,0.0
0.0,1,2.0,191.0,4.0,0.0,1.0,5.0,5.0,6.0,0.0
0.0,1,2.0,191.0,5.0,0.0,1.0,6.0,5.0,7.0,0.0
0.0,1,2.0,191.0,7.0,0.0,-3.0,6.0,6.0,7.0,0.0
0.0,1,2.0,191.0,8.0,0.0,-1.0,8.0,7.0,8.0,0.0
0.0,1,2.0,191.0,8.0,0.0,-5.0,7.0,5.0,5.0,0.0
0.0,0,2.0,191.0,9.0,0.0,0.0,8.0,6.0,8.0,0.0
0.0,1,2.0,191.0,6.0,0.0,2.0,4.0,2.0,6.0,0.0
0.0,1,2.0,191.0,5.0,0.0,4.0,7.0,6.0,7.0,0.0
0.0,1,2.0,191.0,7.0,0.0,-3.0,8.0,8.0,8.0,0.0
0.0,1,2.0,191.0,6.0,0.0,-3.0,9.0,7.0,9.0,0.0
0.0,0,2.0,191.0,7.0,0.0,2.0,9.0,9.0,10.0,0.0
0.0,0,2.0,191.0,2.0,0.0,-2.0,9.0,7.0,8.0,0.0
0.0,1,2.0,191.0,2.0,0.0,-1.0,5.0,5.0,5.0,0.0
0.0,1,2.0,191.0,5.0,0.0,-1.0,7.0,7.0,8.0,0.0
0.0,1,2.0,191.0,2.0,0.0,-5.0,6.0,6.0,7.0,0.0
0.0,1,2.0,191.0,6.0,0.0,-3.0,9.0,7.0,10.0,0.0
0.0,1,2.0,191.0,2.0,0.0,-7.0,6.0,6.0,6.0,0.0
0.0,0,2.0,191.0,5.0,0.0,-2.0,8.0,7.0,7.0,0.0
0.0,1,2.0,191.0,6.0,0.0,0.0,3.0,3.0,5.0,0.0
0.0,1,2.0,191.0,5.0,0.0,2.0,7.0,6.0,7.0,0.0
0.0,1,2.0,191.0,6.0,0.0,-5.0,9.0,8.0,9.0,0.0
0.0,1,2.0,191.0,3.0,0.0,-5.0,8.0,7.0,8.0,0.0
0.0,0,2.0,191.0,6.0,0.0,0.0,9.0,9.0,9.0,0.0
0.0,0,2.0,197.0,2.0,1.0,-2.0,6.0,3.0,7.0,0.0
0.0,0,2.0,197.0,1.0,0.0,-2.0,7.0,6.0,7.0,0.0
0.0,0,2.0,197.0,1.0,0.0,-6.0,8.0,6.0,8.0,0.0
0.0,0,2.0,197.0,6.0,0.0,-4.0,8.0,7.0,8.0,1.0
0.0,0,2.0,197.0,3.0,0.0,-8.0,5.0,4.0,6.0,0.0
0.0,0,2.0,197.0,2.0,0.0,-1.0,4.0,5.0,7.0,0.0
0.0,0,2.0,197.0,1.0,0.0,1.0,7.0,6.0,6.0,0.0
0.0,0,2.0,197.0,3.0,0.0,-6.0,8.0,8.0,8.0,0.0
0.0,0,2.0,197.0,1.0,0.0,-6.0,9.0,8.0,9.0,0.0
0.0,0,2.0,197.0,4.0,0.0,-1.0,8.0,9.0,10.0,0.0
0.0,1,2.0,191.0,6.0,0.0,-2.0,6.0,7.0,6.0,1.0
0.0,1,2.0,191.0,6.0,0.0,-6.0,8.0,6.0,7.0,1.0
0.0,1,2.0,191.0,8.0,0.0,0.0,8.0,9.0,5.0,0.0
0.0,0,2.0,191.0,5.0,0.0,-3.0,8.0,6.0,7.0,0.0
0.0,1,2.0,191.0,6.0,0.0,-1.0,8.0,3.0,3.0,0.0
0.0,1,2.0,191.0,8.0,0.0,1.0,7.0,5.0,7.0,0.0
0.0,0,2.0,191.0,6.0,0.0,-1.0,8.0,9.0,8.0,0.0
0.0,0,2.0,126.0,6.0,0.0,-2.0,6.0,8.0,7.0,0.0
0.0,1,2.0,126.0,6.0,0.0,-1.0,4.0,7.0,3.0,0.0
0.0,1,2.0,126.0,7.0,0.0,-1.0,7.0,6.0,7.0,0.0
0.0,1,2.0,126.0,4.0,0.0,-5.0,6.0,6.0,6.0,0.0
0.0,1,2.0,126.0,7.0,0.0,-3.0,8.0,8.0,9.0,0.0
0.0,1,2.0,126.0,8.0,0.0,-7.0,5.0,6.0,3.0,0.0
0.0,1,2.0,126.0,4.0,0.0,0.0,5.0,6.0,2.0,0.0
0.0,1,2.0,126.0,7.0,0.0,2.0,7.0,6.0,6.0,0.0
0.0,1,2.0,126.0,9.0,0.0,-5.0,8.0,8.0,7.0,0.0
0.0,1,2.0,126.0,6.0,0.0,-5.0,8.0,8.0,7.0,0.0
0.0,0,2.0,126.0,8.0,0.0,0.0,9.0,10.0,10.0,1.0
0.0,0,2.0,236.0,5.0,0.0,-1.0,5.0,8.0,4.0,0.0
0.0,1,2.0,236.0,5.0,0.0,0.0,6.0,5.0,6.0,0.0
0.0,1,2.0,236.0,5.0,0.0,0.0,7.0,7.0,6.0,0.0
0.0,1,2.0,236.0,5.0,0.0,-4.0,8.0,8.0,7.0,0.0
0.0,1,2.0,236.0,7.0,0.0,-2.0,6.0,7.0,6.0,0.0
0.0,1,2.0,236.0,4.0,0.0,-6.0,6.0,7.0,5.0,0.0
0.0,1,2.0,236.0,5.0,0.0,1.0,7.0,5.0,4.0,0.0
0.0,1,2.0,236.0,6.0,1.0,3.0,8.0,7.0,6.0,0.0
0.0,1,2.0,236.0,6.5,0.0,-4.0,8.0,9.0,8.0,0.0
0.0,1,2.0,236.0,5.0,0.0,-4.0,8.0,7.0,8.0,0.0
0.0,0,2.0,236.0,8.5,1.0,1.0,10.0,10.0,10.0,1.0
0.0,0,2.0,178.0,5.0,0.0,3.0,6.0,4.0,4.0,0.0
0.0,0,2.0,178.0,6.0,0.0,3.0,6.0,7.0,7.0,0.0
0.0,0,2.0,178.0,8.0,0.0,-1.0,8.0,8.0,8.0,0.0
0.0,0,2.0,178.0,6.0,0.0,-3.0,7.0,5.0,6.0,0.0
0.0,0,2.0,178.0,7.0,0.0,5.0,6.0,8.0,5.0,0.0
0.0,1,2.0,178.0,7.0,0.0,2.0,7.0,7.0,7.0,0.0
0.0,0,2.0,178.0,5.0,0.0,4.0,7.0,5.0,9.0,0.0
0.0,0,2.0,178.0,5.0,0.0,6.0,7.0,6.0,7.0,0.0
0.0,0,2.0,178.0,7.0,0.0,-1.0,9.0,9.0,8.0,0.0
0.0,0,2.0,178.0,7.0,0.0,-1.0,8.0,8.0,7.0,0.0
0.0,0,2.0,178.0,7.0,0.0,4.0,8.0,7.0,8.0,0.0
0.0,0,2.0,70.0,8.0,0.0,5.0,10.0,5.0,8.0,0.0
0.0,0,2.0,70.0,5.0,0.0,7.0,10.0,10.0,8.0,0.0
0.0,1,2.0,70.0,6.0,0.0,6.0,4.0,6.0,3.0,0.0
0.0,1,2.0,70.0,4.0,0.0,6.0,7.0,6.0,6.0,0.0
0.0,1,2.0,70.0,5.0,0.0,2.0,5.0,7.0,5.0,0.0
0.0,1,2.0,70.0,6.0,0.0,4.0,8.0,8.0,8.0,0.0
0.0,1,2.0,70.0,6.0,0.0,0.0,6.0,6.0,6.0,0.0
0.0,0,2.0,70.0,7.0,0.0,5.0,7.0,8.0,8.0,0.0
0.0,0,2.0,70.0,7.0,0.0,3.0,8.0,8.0,8.0,0.0
0.0,1,2.0,70.0,3.0,0.0,7.0,9.0,5.0,6.0,0.0
0.0,1,2.0,70.0,8.0,0.0,9.0,7.0,6.0,6.0,0.0
0.0,1,2.0,70.0,6.0,0.0,2.0,9.0,9.0,7.0,0.0
0.0,1,2.0,70.0,5.0,0.0,2.0,8.0,7.0,7.0,0.0
0.0,0,2.0,70.0,5.0,0.0,7.0,9.0,8.0,8.0,0.0
0.0,1,2.0,7.0,5.0,0.0,-2.0,9.0,6.0,6.0,0.0
0.0,0,2.0,7.0,5.0,0.0,-3.0,7.0,6.0,7.0,0.0
0.0,0,2.0,7.0,5.0,0.0,-7.0,7.0,7.0,7.0,0.0
0.0,0,2.0,7.0,5.0,0.0,-9.0,6.0,7.0,7.0,0.0
0.0,0,2.0,7.0,4.0,0.0,-1.0,7.0,5.0,5.0,0.0
0.0,1,2.0,7.0,7.0,0.0,-4.0,8.0,7.0,6.0,1.0
0.0,0,2.0,7.0,3.0,0.0,-2.0,6.0,8.0,2.0,0.0
0.0,0,2.0,7.0,4.0,0.0,0.0,6.0,5.0,5.0,0.0
0.0,0,2.0,7.0,5.0,0.0,-7.0,8.0,8.0,8.0,0.0
0.0,0,2.0,150.0,7.0,0.0,0.0,6.0,7.0,5.0,0.0
0.0,0,2.0,150.0,8.0,0.0,2.0,8.0,10.0,7.0,0.0
0.0,1,2.0,150.0,8.0,0.0,1.0,4.0,7.0,3.0,0.0
0.0,1,2.0,150.0,8.0,0.0,-3.0,6.0,7.0,6.0,1.0
0.0,1,2.0,150.0,8.0,0.0,-1.0,8.0,9.0,6.0,1.0
0.0,1,2.0,150.0,6.0,0.0,-5.0,5.0,6.0,5.0,0.0
0.0,1,2.0,150.0,7.0,0.0,3.0,7.0,5.0,5.0,0.0
0.0,0,2.0,150.0,8.0,0.0,0.0,8.0,6.0,5.0,1.0
0.0,1,2.0,150.0,7.0,0.0,2.0,4.0,7.0,1.0,0.0
0.0,1,2.0,150.0,7.0,0.0,4.0,7.0,6.0,6.0,0.0
0.0,1,2.0,150.0,8.0,0.0,-3.0,7.0,8.0,8.0,1.0
0.0,1,2.0,150.0,7.0,0.0,-3.0,8.0,8.0,7.0,0.0
0.0,0,2.0,150.0,8.0,0.0,2.0,8.0,9.0,9.0,0.0
0.0,0,2.0,200.0,2.0,0.0,1.0,8.0,8.0,7.0,0.0
0.0,1,2.0,200.0,1.0,0.0,2.0,5.0,5.0,4.0,0.0
0.0,1,2.0,200.0,3.0,0.0,-2.0,7.0,7.0,7.0,0.0
0.0,1,2.0,200.0,3.0,0.0,0.0,7.0,9.0,6.0,0.0
0.0,1,2.0,200.0,1.0,1.0,-4.0,6.0,8.0,5.0,0.0
0.0,1,2.0,200.0,2.0,0.0,4.0,8.0,9.0,7.0,0.0
0.0,0,2.0,200.0,8.0,1.0,1.0,8.0,10.0,7.0,1.0
0.0,1,2.0,200.0,5.0,0.0,3.0,6.0,5.0,5.0,1.0
0.0,1,2.0,200.0,3.0,0.0,5.0,6.0,5.0,7.0,0.0
0.0,1,2.0,200.0,7.0,0.0,-2.0,8.0,8.0,7.0,0.0
0.0,1,2.0,200.0,4.0,0.0,-2.0,8.0,7.0,6.0,0.0
0.0,0,2.0,200.0,5.0,0.0,3.0,9.0,9.0,8.0,0.0
0.0,0,2.0,171.0,3.0,0.0,2.0,6.0,6.0,7.0,0.0
0.0,1,2.0,171.0,3.0,0.0,3.0,6.0,6.0,3.0,0.0
0.0,1,2.0,171.0,7.0,0.0,3.0,5.0,7.0,5.0,1.0
0.0,1,2.0,171.0,4.0,0.0,-1.0,7.0,5.0,6.0,0.0
0.0,1,2.0,171.0,6.0,0.0,1.0,8.0,9.0,8.0,0.0
0.0,1,2.0,171.0,7.0,0.0,5.0,6.0,4.0,5.0,0.0
0.0,0,2.0,171.0,3.0,0.0,2.0,8.0,8.0,6.0,0.0
0.0,1,2.0,171.0,6.0,1.0,4.0,9.0,7.0,3.0,0.0
0.0,1,2.0,171.0,5.0,0.0,6.0,7.0,6.0,7.0,1.0
0.0,1,2.0,171.0,6.0,0.0,-1.0,8.0,8.0,7.0,0.0
0.0,1,2.0,171.0,3.0,0.0,-1.0,8.0,8.0,6.0,0.0
0.0,0,2.0,126.0,5.0,0.0,-2.0,9.0,10.0,9.0,0.0
0.0,0,2.0,126.0,5.0,0.0,-1.0,6.0,7.0,6.0,0.0
0.0,0,2.0,126.0,5.0,0.0,-1.0,6.0,6.0,7.0,0.0
0.0,0,2.0,126.0,4.0,0.0,-5.0,6.0,7.0,9.0,0.0
0.0,0,2.0,126.0,6.0,0.0,-3.0,8.0,8.0,10.0,0.0
0.0,0,2.0,126.0,8.0,0.0,-7.0,7.0,6.0,6.0,0.0
0.0,0,2.0,126.0,7.0,0.0,-2.0,7.0,8.0,8.0,1.0
0.0,0,2.0,126.0,7.0,1.0,0.0,8.0,7.0,6.0,0.0
0.0,0,2.0,126.0,6.0,0.0,2.0,7.0,7.0,7.0,0.0
0.0,0,2.0,126.0,2.0,0.0,-5.0,9.0,9.0,8.0,0.0
0.0,0,2.0,126.0,5.0,0.0,-5.0,8.0,8.0,7.0,0.0
0.0,1,2.0,126.0,9.0,1.0,0.0,10.0,10.0,10.0,1.0
0.0,0,2.0,126.0,7.0,0.0,-1.0,10.0,4.0,10.0,0.0
0.0,0,2.0,126.0,8.0,0.0,0.0,7.0,5.0,7.0,0.0
0.0,0,2.0,126.0,2.0,0.0,0.0,5.0,5.0,5.0,0.0
0.0,0,2.0,126.0,5.0,0.0,-4.0,7.0,6.0,5.0,0.0
0.0,0,2.0,126.0,7.0,0.0,-6.0,7.0,5.0,5.0,1.0
0.0,0,2.0,126.0,7.0,0.0,2.0,5.0,5.0,6.0,0.0
1.0,1,2.0,170.0,4.0,0.0,4.0,8.0,5.0,9.0,0.0
1.0,0,2.0,170.0,3.0,0.0,-2.0,7.0,7.0,6.0,0.0
1.0,1,2.0,170.0,1.0,0.0,4.0,7.0,6.0,6.0,0.0
1.0,0,2.0,170.0,3.0,0.0,0.0,8.0,8.0,6.0,0.0
1.0,0,2.0,170.0,3.0,0.0,2.0,5.0,5.0,3.0,0.0
1.0,0,2.0,170.0,2.0,0.0,2.0,6.0,6.0,5.0,0.0
1.0,0,2.0,170.0,2.0,0.0,1.0,6.0,6.0,6.0,0.0
1.0,0,2.0,170.0,6.0,0.0,-5.0,8.0,7.0,10.0,0.0
1.0,0,2.0,170.0,3.0,0.0,0.0,8.0,7.0,7.0,0.0
1.0,0,2.0,170.0,3.0,0.0,-1.0,5.0,1.0,3.0,0.0
1.0,0,2.0,170.0,1.0,0.0,-2.0,4.0,4.0,4.0,0.0
1.0,0,2.0,170.0,3.0,0.0,2.0,8.0,10.0,3.0,0.0
1.0,0,2.0,170.0,3.0,0.0,1.0,7.0,9.0,9.0,0.0
1.0,1,2.0,152.0,6.0,0.0,2.0,9.0,7.0,8.0,0.0
1.0,0,2.0,152.0,2.0,0.0,-4.0,6.0,6.0,5.0,0.0
1.0,0,2.0,152.0,6.0,0.0,-7.0,8.0,6.0,6.0,0.0
1.0,1,2.0,152.0,5.0,0.0,2.0,4.0,7.0,6.0,0.0
1.0,0,2.0,152.0,4.0,0.0,-2.0,8.0,7.0,8.0,0.0
1.0,0,2.0,61.0,5.0,0.0,3.0,8.0,9.0,4.0,0.0
1.0,0,2.0,61.0,5.0,0.0,-3.0,7.0,7.0,5.0,0.0
1.0,0,2.0,61.0,6.0,1.0,3.0,7.0,6.0,6.0,1.0
1.0,1,2.0,61.0,6.0,0.0,-1.0,5.0,10.0,4.0,0.0
1.0,1,2.0,61.0,5.0,0.0,1.0,6.0,7.0,1.0,0.0
1.0,0,2.0,61.0,6.0,0.0,2.0,6.0,4.0,6.0,0.0
1.0,1,2.0,61.0,3.0,0.0,1.0,6.0,7.0,5.0,0.0
1.0,1,2.0,61.0,6.0,0.0,0.0,5.0,5.0,5.0,0.0
1.0,0,2.0,61.0,6.0,0.0,-3.0,7.0,9.0,6.0,0.0
1.0,1,2.0,61.0,4.0,0.0,-6.0,7.0,7.0,5.0,0.0
1.0,1,2.0,61.0,5.0,0.0,-1.0,8.0,7.0,8.0,0.0
1.0,1,2.0,61.0,5.0,0.0,-2.0,1.0,1.0,1.0,0.0
1.0,1,2.0,61.0,4.0,0.0,-3.0,7.0,6.0,2.0,0.0
1.0,0,2.0,61.0,5.0,0.0,1.0,7.0,8.0,4.0,0.0
1.0,0,2.0,61.0,6.0,0.0,0.0,9.0,6.0,7.0,0.0
1.0,0,2.0,178.0,8.0,0.0,3.0,7.0,7.0,5.0,0.0
1.0,0,2.0,178.0,6.0,0.0,-3.0,8.0,7.0,7.0,1.0
1.0,0,2.0,178.0,8.0,1.0,3.0,7.0,6.0,6.0,1.0
1.0,1,2.0,178.0,7.0,0.0,-1.0,7.0,9.0,7.0,0.0
1.0,1,2.0,178.0,9.0,0.0,1.0,8.0,6.0,6.0,0.0
1.0,0,2.0,178.0,7.0,0.0,2.0,3.0,2.0,2.0,0.0
1.0,1,2.0,178.0,7.0,0.0,2.0,6.0,7.0,3.0,1.0
1.0,1,2.0,178.0,8.0,0.0,1.0,9.0,6.0,5.0,0.0
1.0,1,2.0,178.0,9.0,0.0,0.0,6.0,8.0,5.0,0.0
1.0,0,2.0,178.0,9.0,0.0,-3.0,7.0,4.0,5.0,0.0
1.0,1,2.0,178.0,6.0,0.0,-6.0,6.0,5.0,2.0,0.0
1.0,0,2.0,178.0,8.0,0.0,3.0,6.0,5.0,4.0,0.0
1.0,1,2.0,178.0,9.0,0.0,-2.0,1.0,1.0,1.0,0.0
1.0,1,2.0,178.0,6.0,0.0,-3.0,6.0,9.0,6.0,1.0
1.0,0,2.0,178.0,7.0,0.0,1.0,10.0,5.0,4.0,0.0
1.0,0,2.0,178.0,5.0,0.0,0.0,7.0,5.0,4.0,0.0
1.0,0,2.0,85.0,7.0,0.0,7.0,8.0,8.0,6.0,0.0
1.0,0,2.0,85.0,6.0,0.0,1.0,7.0,6.0,4.0,1.0
1.0,0,2.0,85.0,7.0,0.0,7.0,7.0,7.0,6.0,1.0
1.0,1,2.0,85.0,7.0,0.0,3.0,8.0,8.0,5.0,0.0
1.0,1,2.0,85.0,8.0,0.0,5.0,7.0,4.0,1.0,0.0
1.0,0,2.0,85.0,8.0,0.0,6.0,6.0,5.0,4.0,0.0
1.0,1,2.0,85.0,7.0,0.0,6.0,8.0,7.0,4.0,1.0
1.0,1,2.0,85.0,6.0,0.0,5.0,5.0,6.0,2.0,0.0
1.0,1,2.0,85.0,8.0,0.0,4.0,5.0,6.0,3.0,0.0
1.0,0,2.0,85.0,7.0,0.0,1.0,8.0,9.0,5.0,0.0
1.0,1,2.0,85.0,6.0,0.0,-2.0,6.0,7.0,3.0,0.0
1.0,0,2.0,85.0,7.0,0.0,7.0,5.0,6.0,5.0,0.0
1.0,1,2.0,85.0,7.0,0.0,3.0,8.0,8.0,7.0,1.0
1.0,1,2.0,85.0,7.0,0.0,2.0,2.0,8.0,2.0,0.0
1.0,1,2.0,85.0,7.0,0.0,1.0,4.0,5.0,4.0,0.0
1.0,0,2.0,85.0,7.0,0.0,5.0,6.0,8.0,3.0,0.0
1.0,0,2.0,85.0,5.0,0.0,4.0,5.0,5.0,1.0,0.0
1.0,0,2.0,83.0,8.0,0.0,5.0,8.0,8.0,6.0,0.0
1.0,0,2.0,83.0,5.0,0.0,-1.0,7.0,6.0,7.0,0.0
1.0,0,2.0,83.0,8.0,0.0,5.0,6.0,7.0,7.0,0.0
1.0,1,2.0,83.0,9.5,1.0,1.0,8.0,10.0,6.0,0.0
1.0,1,2.0,83.0,9.5,0.0,3.0,4.0,5.0,6.0,0.0
1.0,0,2.0,83.0,9.5,0.0,4.0,7.0,4.0,6.0,1.0
1.0,1,2.0,83.0,7.0,0.0,3.0,7.0,5.0,7.0,0.0
1.0,1,2.0,83.0,8.0,0.0,2.0,6.0,6.0,7.0,0.0
1.0,1,2.0,83.0,7.0,0.0,-4.0,7.0,6.0,5.0,0.0
1.0,1,2.0,83.0,8.0,0.0,1.0,8.0,8.0,9.0,1.0
1.0,1,2.0,83.0,6.0,0.0,0.0,5.0,4.0,3.0,0.0
1.0,1,2.0,83.0,7.0,0.0,-1.0,5.0,6.0,7.0,0.0
1.0,0,2.0,83.0,8.0,0.0,3.0,6.0,5.0,9.0,0.0
1.0,0,2.0,84.0,5.0,0.0,9.0,7.0,7.0,4.0,0.0
1.0,0,2.0,84.0,6.0,0.0,9.0,6.0,6.0,6.0,0.0
1.0,1,2.0,84.0,6.0,0.0,3.0,7.0,7.0,7.0,0.0
1.0,1,2.0,84.0,6.0,0.0,5.0,8.0,10.0,8.0,0.0
1.0,1,2.0,84.0,6.0,0.0,7.0,7.0,6.0,4.0,0.0
1.0,0,2.0,84.0,7.0,0.0,8.0,4.0,4.0,4.0,0.0
1.0,1,2.0,84.0,6.0,0.0,7.0,5.0,7.0,7.0,0.0
1.0,1,2.0,84.0,6.0,0.0,6.0,3.0,6.0,2.0,0.0
1.0,0,2.0,84.0,6.0,0.0,3.0,9.0,8.0,7.0,0.0
1.0,1,2.0,84.0,6.0,0.0,0.0,5.0,7.0,7.0,0.0
1.0,0,2.0,84.0,6.0,0.0,9.0,3.0,5.0,3.0,0.0
1.0,1,2.0,84.0,6.0,0.0,5.0,6.0,7.0,8.0,0.0
1.0,1,2.0,84.0,5.0,0.0,4.0,3.0,2.0,1.0,0.0
1.0,0,2.0,84.0,6.0,0.0,7.0,9.0,4.0,7.0,0.0
1.0,0,2.0,84.0,5.0,0.0,6.0,5.0,5.0,8.0,1.0
1.0,0,2.0,206.0,4.0,0.0,1.0,7.0,6.0,5.0,0.0
1.0,0,2.0,206.0,3.0,0.0,1.0,6.0,6.0,8.0,0.0
1.0,1,2.0,206.0,5.0,0.0,0.0,7.0,8.0,8.0,0.0
1.0,0,2.0,206.0,4.0,0.0,-5.0,8.0,6.0,9.0,0.0
1.0,0,2.0,206.0,7.0,0.0,1.0,4.0,2.0,3.0,0.0
1.0,1,2.0,206.0,6.0,0.0,-3.0,8.0,7.0,8.0,0.0
1.0,1,2.0,206.0,6.0,0.0,-4.0,1.0,2.0,2.0,0.0
1.0,1,2.0,206.0,4.0,0.0,-5.0,5.0,4.0,9.0,0.0
1.0,0,2.0,206.0,4.0,0.0,-2.0,5.0,5.0,7.0,0.0
1.0,1,2.0,149.0,6.0,0.0,4.0,9.0,9.0,9.0,0.0
1.0,1,2.0,149.0,6.0,0.0,4.0,7.0,6.0,7.0,0.0
1.0,0,2.0,149.0,8.0,0.0,0.0,8.0,9.0,8.0,0.0
1.0,0,2.0,149.0,8.0,0.0,2.0,8.0,7.0,7.0,0.0
1.0,0,2.0,149.0,7.0,0.0,3.0,5.0,6.0,8.0,0.0
1.0,1,2.0,149.0,6.0,0.0,-2.0,8.0,6.0,9.0,0.0
1.0,0,2.0,149.0,8.0,0.0,-5.0,7.0,7.0,5.0,0.0
1.0,1,2.0,149.0,6.0,0.0,4.0,8.0,8.0,7.0,1.0
1.0,0,2.0,149.0,7.0,0.0,0.0,9.0,9.0,9.0,1.0
1.0,0,2.0,149.0,8.0,0.0,-1.0,5.0,10.0,8.0,1.0
1.0,0,2.0,149.0,7.0,0.0,-2.0,5.0,4.0,4.0,0.0
1.0,0,2.0,149.0,8.0,0.0,2.0,9.0,5.0,8.0,1.0
1.0,0,2.0,126.0,7.0,0.0,-3.0,9.0,10.0,7.0,0.0
1.0,0,2.0,126.0,5.0,0.0,2.0,4.0,4.0,4.0,0.0
1.0,0,2.0,126.0,2.0,0.0,-4.0,4.0,4.0,4.0,0.0
1.0,0,2.0,126.0,2.0,0.0,2.0,6.0,4.0,4.0,0.0
1.0,1,2.0,126.0,3.0,0.0,-2.0,5.0,10.0,7.0,0.0
1.0,1,2.0,126.0,6.0,0.0,0.0,7.0,6.0,5.0,0.0
1.0,0,2.0,126.0,6.0,0.0,1.0,2.0,6.0,1.0,0.0
1.0,1,2.0,126.0,6.0,0.0,1.0,7.0,6.0,4.0,0.0
1.0,1,2.0,126.0,4.0,0.0,0.0,5.0,4.0,2.0,0.0
1.0,1,2.0,126.0,6.0,0.0,-1.0,6.0,5.0,5.0,0.0
1.0,0,2.0,126.0,8.0,0.0,-4.0,6.0,7.0,6.0,0.0
1.0,1,2.0,126.0,6.0,0.0,-7.0,5.0,9.0,1.0,0.0
1.0,0,2.0,126.0,6.0,0.0,2.0,3.0,2.0,2.0,0.0
1.0,1,2.0,126.0,3.0,0.0,-2.0,8.0,7.0,6.0,0.0
1.0,1,2.0,126.0,5.0,0.0,-3.0,2.0,5.0,2.0,1.0
1.0,1,2.0,126.0,7.0,1.0,-4.0,4.0,6.0,7.0,0.0
1.0,0,2.0,126.0,8.0,1.0,0.0,7.0,8.0,8.0,0.0
1.0,0,2.0,126.0,6.0,0.0,0.0,8.0,8.0,5.0,0.0
1.0,0,2.0,126.0,4.0,0.0,-6.0,6.0,5.0,5.0,0.0
1.0,0,2.0,126.0,5.0,0.0,0.0,6.0,5.0,7.0,0.0
1.0,1,2.0,126.0,7.0,0.0,-4.0,4.0,9.0,5.0,0.0
1.0,1,2.0,126.0,7.0,0.0,-2.0,7.0,4.0,4.0,0.0
1.0,0,2.0,126.0,7.0,0.0,-1.0,3.0,4.0,1.0,0.0
1.0,1,2.0,126.0,5.0,0.0,-1.0,8.0,7.0,5.0,0.0
1.0,1,2.0,126.0,5.0,0.0,-2.0,7.0,7.0,6.0,0.0
1.0,1,2.0,126.0,7.0,1.0,-3.0,8.0,5.0,5.0,0.0
1.0,0,2.0,126.0,7.0,0.0,-6.0,7.0,9.0,6.0,0.0
1.0,1,2.0,126.0,5.0,0.0,-9.0,9.0,7.0,9.0,0.0
1.0,0,2.0,126.0,5.0,0.0,0.0,4.0,5.0,4.0,0.0
1.0,1,2.0,126.0,6.0,0.0,-4.0,7.0,7.0,7.0,0.0
1.0,1,2.0,126.0,6.0,0.0,-5.0,5.0,5.0,2.0,0.0
1.0,0,2.0,126.0,5.0,0.0,-2.0,9.0,8.0,3.0,0.0
1.0,0,2.0,154.0,7.0,0.0,7.0,8.0,7.0,7.0,0.0
1.0,0,2.0,154.0,7.0,0.0,1.0,7.0,7.0,6.0,0.0
1.0,1,2.0,154.0,8.0,0.0,3.0,8.0,8.0,7.0,0.0
1.0,1,2.0,154.0,8.0,0.0,5.0,8.0,7.0,6.0,0.0
1.0,0,2.0,154.0,8.0,0.0,6.0,4.0,8.0,3.0,0.0
1.0,1,2.0,154.0,7.0,0.0,5.0,7.0,9.0,7.0,0.0
1.0,1,2.0,154.0,8.0,0.0,4.0,7.0,6.0,6.0,0.0
1.0,0,2.0,154.0,7.0,0.0,1.0,6.0,9.0,8.0,0.0
1.0,1,2.0,154.0,7.0,0.0,-2.0,7.0,7.0,6.0,0.0
1.0,0,2.0,154.0,8.0,0.0,7.0,4.0,7.0,3.0,0.0
1.0,1,2.0,154.0,8.0,0.0,3.0,8.0,8.0,8.0,1.0
1.0,1,2.0,154.0,6.0,0.0,2.0,8.0,6.0,5.0,0.0
1.0,1,2.0,154.0,7.0,0.0,1.0,7.0,7.0,4.0,0.0
1.0,0,2.0,154.0,6.0,0.0,5.0,9.0,9.0,3.0,0.0
1.0,0,2.0,135.0,5.0,0.0,7.0,8.0,8.0,6.0,0.0
1.0,0,2.0,135.0,6.0,0.0,1.0,5.0,5.0,4.0,0.0
1.0,0,2.0,135.0,7.0,0.0,7.0,7.0,5.0,6.0,0.0
1.0,1,2.0,135.0,7.0,0.0,3.0,8.0,9.0,6.0,0.0
1.0,1,2.0,135.0,7.0,0.0,5.0,8.0,7.0,2.0,0.0
1.0,0,2.0,135.0,8.0,0.0,6.0,4.0,6.0,3.0,0.0
1.0,1,2.0,135.0,6.0,0.0,6.0,7.0,6.0,4.0,0.0
1.0,1,2.0,135.0,6.0,0.0,5.0,5.0,7.0,4.0,0.0
1.0,1,2.0,135.0,7.0,0.0,4.0,5.0,5.0,4.0,0.0
1.0,0,2.0,135.0,7.0,0.0,1.0,6.0,9.0,8.0,0.0
1.0,1,2.0,135.0,6.0,0.0,-2.0,6.0,6.0,5.0,0.0
1.0,0,2.0,135.0,7.0,0.0,7.0,6.0,7.0,5.0,0.0
1.0,1,2.0,135.0,7.0,0.0,3.0,8.0,7.0,6.0,0.0
1.0,1,2.0,135.0,7.0,0.0,2.0,4.0,5.0,4.0,0.0
1.0,1,2.0,135.0,7.0,0.0,1.0,3.0,3.0,2.0,0.0
1.0,0,2.0,135.0,6.0,0.0,5.0,9.0,9.0,5.0,0.0
1.0,0,2.0,123.0,6.0,0.0,2.0,9.0,9.0,8.0,0.0
1.0,1,2.0,123.0,7.0,0.0,-4.0,7.0,7.0,7.0,0.0
1.0,0,2.0,123.0,7.0,0.0,2.0,8.0,7.0,6.0,0.0
1.0,0,2.0,123.0,9.0,0.0,-2.0,7.0,8.0,8.0,0.0
1.0,0,2.0,123.0,9.0,0.0,0.0,6.0,6.0,6.0,0.0
1.0,0,2.0,123.0,10.0,0.0,1.0,6.0,3.0,4.0,0.0
1.0,0,2.0,123.0,7.0,0.0,1.0,8.0,5.0,6.0,0.0
1.0,0,2.0,123.0,8.0,0.0,0.0,7.0,7.0,8.0,1.0
1.0,0,2.0,123.0,10.0,1.0,-1.0,8.0,9.0,10.0,1.0
1.0,0,2.0,123.0,8.0,0.0,-4.0,8.0,7.0,9.0,0.0
1.0,0,2.0,123.0,8.0,0.0,-7.0,7.0,6.0,6.0,0.0
1.0,0,2.0,123.0,10.0,0.0,2.0,4.0,6.0,6.0,0.0
1.0,0,2.0,123.0,8.0,0.0,-2.0,8.0,8.0,8.0,0.0
1.0,0,2.0,123.0,7.0,0.0,-3.0,6.0,8.0,6.0,0.0
1.0,1,2.0,123.0,10.0,1.0,0.0,8.0,9.0,8.0,1.0
0.0,0,3.0,254.0,2.0,0.0,-6.0,6.0,9.0,7.0,0.0
0.0,0,3.0,254.0,5.0,0.0,1.0,8.0,7.0,7.0,0.0
0.0,1,3.0,254.0,9.0,0.0,-3.0,6.0,7.0,7.0,1.0
0.0,1,3.0,254.0,5.0,0.0,2.0,8.0,9.0,10.0,0.0
0.0,1,3.0,254.0,3.0,0.0,1.0,8.0,7.0,5.0,0.0
0.0,1,3.0,254.0,6.0,0.0,1.0,7.0,4.0,5.0,0.0
0.0,1,3.0,254.0,3.0,0.0,-2.0,10.0,10.0,8.0,0.0
0.0,0,3.0,254.0,3.0,0.0,-1.0,6.0,7.0,7.0,0.0
0.0,0,3.0,191.0,8.0,0.0,-7.0,7.0,6.0,6.0,0.0
0.0,0,3.0,191.0,5.0,0.0,0.0,10.0,4.0,5.0,0.0
0.0,0,3.0,191.0,8.0,0.0,-5.0,6.0,5.0,5.0,0.0
0.0,1,3.0,191.0,10.0,0.0,-4.0,8.0,5.0,5.0,0.0
0.0,1,3.0,191.0,8.0,0.0,1.0,9.0,8.0,6.0,1.0
0.0,1,3.0,191.0,8.0,0.0,0.0,8.0,7.0,7.0,0.0
0.0,1,3.0,191.0,8.0,0.0,0.0,8.0,6.0,6.0,0.0
0.0,1,3.0,191.0,9.0,3.0,-3.0,6.0,6.0,8.0,0.0
0.0,0,3.0,191.0,8.0,0.0,-2.0,8.0,5.0,6.0,0.0
0.0,0,3.0,253.0,2.0,0.0,2.0,6.0,6.0,4.0,0.0
0.0,0,3.0,253.0,6.0,0.0,3.0,6.0,6.0,8.0,0.0
0.0,0,3.0,253.0,3.0,0.0,8.0,8.0,5.0,6.0,0.0
0.0,0,3.0,253.0,3.0,0.0,7.0,8.0,5.0,6.0,0.0
0.0,0,3.0,253.0,8.0,0.0,4.0,8.0,7.0,7.0,0.0
0.0,0,3.0,94.0,5.0,0.0,6.0,6.0,3.0,4.0,0.0
0.0,0,3.0,94.0,5.0,0.0,1.0,6.0,5.0,5.0,0.0
0.0,1,3.0,94.0,8.0,0.0,0.0,8.0,6.0,4.0,0.0
0.0,1,3.0,94.0,5.0,0.0,2.0,8.0,5.0,7.0,0.0
0.0,1,3.0,94.0,6.0,0.0,7.0,6.0,7.0,7.0,1.0
0.0,1,3.0,94.0,6.0,0.0,6.0,8.0,6.0,5.0,0.0
0.0,1,3.0,94.0,4.0,0.0,6.0,7.0,6.0,3.0,0.0
0.0,1,3.0,94.0,7.0,0.0,3.0,9.0,8.0,7.0,0.0
0.0,0,3.0,94.0,7.0,0.0,4.0,7.0,5.0,6.0,1.0
0.0,1,3.0,236.0,6.0,0.0,-3.0,8.0,7.0,8.0,0.0
0.0,0,3.0,236.0,8.0,1.0,4.0,10.0,10.0,10.0,1.0
0.0,0,3.0,236.0,6.0,0.0,-1.0,7.0,5.0,5.0,0.0
0.0,0,3.0,236.0,7.0,0.0,0.0,6.0,6.0,5.0,0.0
0.0,0,3.0,236.0,7.0,0.0,4.0,7.0,5.0,6.0,0.0
0.0,0,3.0,236.0,7.0,0.0,1.0,9.0,7.0,9.0,1.0
0.0,0,3.0,236.0,6.0,0.0,2.0,5.0,5.0,4.0,0.0
0.0,0,3.0,191.0,7.0,0.0,-2.0,6.0,4.0,5.0,0.0
0.0,0,3.0,191.0,6.0,0.0,5.0,6.0,7.0,6.0,0.0
0.0,0,3.0,191.0,4.0,0.0,0.0,4.0,7.0,3.0,0.0
0.0,0,3.0,191.0,7.0,0.0,-1.0,6.0,9.0,4.0,0.0
0.0,0,3.0,191.0,5.0,0.0,1.0,6.0,6.0,6.0,0.0
0.0,0,3.0,191.0,6.0,0.0,6.0,7.0,8.0,8.0,0.0
0.0,0,3.0,191.0,6.0,0.0,5.0,7.0,7.0,4.0,0.0
0.0,0,3.0,191.0,5.0,0.0,2.0,7.0,6.0,9.0,0.0
0.0,0,3.0,191.0,6.0,0.0,3.0,6.0,6.0,5.0,1.0
0.0,0,3.0,191.0,6.0,0.0,-6.0,8.0,6.0,8.0,0.0
0.0,1,3.0,191.0,6.0,0.0,1.0,6.0,7.0,8.0,0.0
0.0,0,3.0,191.0,6.0,0.0,-4.0,7.0,5.0,7.0,0.0
0.0,0,3.0,191.0,6.0,0.0,-5.0,6.0,6.0,8.0,0.0
0.0,0,3.0,191.0,6.0,0.0,-3.0,7.0,7.0,7.0,0.0
0.0,0,3.0,191.0,5.0,0.0,2.0,8.0,8.0,9.0,0.0
0.0,0,3.0,191.0,6.0,0.0,1.0,7.0,6.0,7.0,0.0
0.0,0,3.0,191.0,6.0,0.0,1.0,8.0,6.0,7.0,0.0
0.0,0,3.0,191.0,6.0,0.0,-2.0,9.0,5.0,9.0,0.0
0.0,1,3.0,191.0,5.0,0.0,-1.0,7.0,6.0,8.0,0.0
1.0,0,3.0,24.0,6.0,0.0,6.0,6.0,2.0,3.0,0.0
1.0,0,3.0,24.0,5.0,0.0,7.0,7.0,7.0,7.0,0.0
1.0,1,3.0,24.0,8.0,0.0,3.0,7.0,8.0,7.0,0.0
1.0,0,3.0,24.0,5.0,0.0,5.0,7.0,4.0,5.0,0.0
1.0,0,3.0,24.0,4.0,0.0,2.0,7.0,8.0,6.0,0.0
1.0,0,3.0,24.0,8.0,0.0,6.0,7.0,8.0,7.0,0.0
1.0,0,3.0,126.0,7.0,0.0,-1.0,9.0,9.0,7.0,0.0
1.0,0,3.0,126.0,5.0,0.0,0.0,8.0,8.0,7.0,0.0
1.0,0,3.0,126.0,1.0,0.0,-6.0,8.0,7.0,8.0,0.0
1.0,0,3.0,126.0,10.0,1.0,-4.0,9.0,8.0,9.0,1.0
1.0,0,3.0,126.0,5.0,1.0,-2.0,7.0,5.0,5.0,1.0
1.0,0,3.0,126.0,6.0,0.0,-5.0,7.0,5.0,6.0,0.0
1.0,1,3.0,126.0,6.0,0.0,-1.0,7.0,7.0,7.0,0.0
1.0,1,3.0,135.0,4.0,0.0,0.0,8.0,8.0,8.0,0.0
1.0,0,3.0,135.0,4.0,0.0,1.0,7.0,4.0,6.0,0.0
1.0,0,3.0,135.0,5.0,0.0,5.0,7.0,8.0,7.0,0.0
1.0,1,3.0,135.0,8.0,0.0,3.0,7.0,10.0,9.0,1.0
1.0,1,3.0,135.0,7.0,0.0,4.0,10.0,10.0,10.0,0.0
1.0,0,3.0,135.0,7.0,0.0,-3.0,10.0,8.0,8.0,0.0
1.0,1,3.0,135.0,6.0,0.0,-2.0,5.0,8.0,8.0,0.0
1.0,0,3.0,135.0,7.0,0.0,0.0,7.0,8.0,7.0,0.0
1.0,0,3.0,135.0,7.0,0.0,2.0,6.0,8.0,8.0,0.0
1.0,0,3.0,135.0,6.0,0.0,-1.0,6.0,8.0,6.0,0.0
1.0,0,3.0,135.0,7.0,0.0,3.0,7.0,7.0,7.0,0.0
1.0,1,3.0,126.0,8.0,0.0,-2.0,10.0,7.0,6.0,0.0
1.0,1,3.0,126.0,9.0,0.0,-1.0,9.0,8.0,8.0,1.0
1.0,0,3.0,126.0,2.0,0.0,-8.0,10.0,7.0,1.0,0.0
1.0,1,3.0,126.0,8.0,0.0,-7.0,9.0,8.0,8.0,1.0
1.0,0,3.0,126.0,6.0,0.0,-6.0,6.0,7.0,4.0,0.0
1.0,0,3.0,126.0,7.0,0.0,-2.0,7.0,7.0,5.0,0.0
1.0,1,3.0,76.0,6.0,0.0,-1.0,10.0,5.0,3.0,0.0
1.0,1,3.0,76.0,6.0,0.0,0.0,10.0,9.0,10.0,0.0
1.0,0,3.0,76.0,5.0,0.0,-7.0,4.0,1.0,1.0,0.0
1.0,1,3.0,76.0,6.0,0.0,-6.0,7.0,8.0,8.0,0.0
1.0,0,3.0,76.0,7.0,0.0,-4.0,7.0,7.0,6.0,0.0
1.0,0,3.0,76.0,6.0,0.0,-2.0,8.0,7.0,3.0,0.0
1.0,0,3.0,76.0,5.0,0.0,-5.0,6.0,6.0,6.0,0.0
1.0,0,3.0,76.0,7.0,0.0,-1.0,7.0,6.0,7.0,0.0
1.0,1,3.0,135.0,5.0,0.0,-1.0,10.0,9.0,8.0,0.0
1.0,1,3.0,135.0,5.0,0.0,0.0,10.0,10.0,10.0,0.0
1.0,0,3.0,135.0,7.0,0.0,-4.0,8.0,9.0,7.0,0.0
1.0,0,3.0,135.0,2.0,0.0,-2.0,5.0,8.0,5.0,0.0
1.0,0,3.0,135.0,3.0,0.0,-5.0,6.0,5.0,6.0,0.0
1.0,0,3.0,135.0,6.0,0.0,-1.0,7.0,8.0,8.0,0.0
1.0,0,3.0,236.0,6.0,0.0,1.0,10.0,9.0,2.0,0.0
1.0,0,3.0,236.0,6.0,0.0,2.0,8.0,9.0,10.0,0.0
1.0,0,3.0,236.0,6.0,0.0,-4.0,8.0,8.0,8.0,1.0
1.0,0,3.0,236.0,6.0,0.0,-2.0,7.0,8.0,6.0,0.0
1.0,0,3.0,236.0,5.0,0.0,0.0,7.0,3.0,2.0,0.0
1.0,0,3.0,236.0,6.0,0.0,-3.0,6.0,8.0,5.0,1.0
1.0,1,3.0,236.0,6.0,0.0,1.0,8.0,8.0,6.0,0.0
0.0,1,4.0,38.0,5.0,0.0,10.0,7.0,5.0,7.0,0.0
0.0,0,4.0,191.0,5.0,0.0,-5.0,5.0,5.0,6.0,0.0
0.0,0,4.0,191.0,5.0,0.0,-3.0,6.0,4.0,4.0,0.0
0.0,0,4.0,191.0,7.0,0.0,-4.0,8.0,4.0,6.0,0.0
0.0,0,4.0,191.0,7.0,0.0,-2.0,8.0,4.0,6.0,0.0
0.0,0,4.0,191.0,10.0,0.0,2.0,7.0,5.0,5.0,1.0
0.0,0,4.0,191.0,5.0,0.0,-1.0,7.0,4.0,5.0,0.0
0.0,0,4.0,191.0,9.0,0.0,-2.0,10.0,8.0,8.0,1.0
0.0,1,4.0,169.0,5.0,0.0,-2.0,7.0,6.0,8.0,0.0
0.0,0,4.0,169.0,5.0,0.0,0.0,7.0,5.0,6.0,0.0
0.0,0,4.0,169.0,7.0,1.0,0.0,9.0,8.0,9.0,0.0
0.0,0,4.0,169.0,7.0,0.0,-3.0,7.0,7.0,6.0,0.0
0.0,0,4.0,169.0,7.0,0.0,-2.0,7.0,8.0,8.0,0.0
0.0,0,4.0,169.0,5.0,0.0,-4.0,8.0,6.0,8.0,0.0
0.0,0,4.0,169.0,2.0,0.0,-6.0,4.0,6.0,4.0,0.0
0.0,0,4.0,169.0,5.0,0.0,0.0,7.0,7.0,6.0,0.0
0.0,0,4.0,169.0,6.0,0.0,1.0,9.0,5.0,9.0,0.0
0.0,0,4.0,169.0,5.0,0.0,4.0,10.0,9.0,6.0,0.0
0.0,0,4.0,169.0,6.0,0.0,5.0,8.0,6.0,7.0,1.0
0.0,0,4.0,169.0,7.0,1.0,2.0,8.0,4.0,7.0,1.0
0.0,1,4.0,169.0,5.0,0.0,1.0,10.0,7.0,7.0,0.0
0.0,1,4.0,169.0,7.0,0.0,-1.0,6.0,3.0,5.0,0.0
0.0,0,4.0,221.0,8.0,0.0,1.0,8.0,6.0,5.0,0.0
0.0,0,4.0,221.0,7.0,0.0,-1.0,4.0,5.0,7.0,0.0
0.0,0,4.0,221.0,7.0,0.0,-3.0,9.0,8.0,7.0,0.0
0.0,0,4.0,221.0,9.0,1.0,-5.0,9.0,7.0,7.0,1.0
0.0,0,4.0,221.0,7.0,0.0,1.0,8.0,7.0,6.0,0.0
0.0,0,4.0,221.0,7.0,1.0,0.0,9.0,7.0,6.0,0.0
0.0,0,4.0,221.0,9.0,0.0,2.0,9.0,5.0,6.0,1.0
0.0,0,4.0,221.0,7.0,0.0,6.0,8.0,6.0,5.5,0.0
0.0,0,4.0,221.0,8.0,0.0,3.0,8.0,6.0,7.0,0.0
0.0,1,4.0,221.0,8.0,0.0,2.0,10.0,7.0,7.0,1.0
0.0,1,4.0,221.0,8.0,0.0,0.0,5.0,5.0,3.0,0.0
0.0,0,4.0,122.0,8.0,0.0,0.0,8.0,8.0,8.0,0.0
0.0,1,4.0,122.0,6.0,0.0,2.0,6.0,6.0,8.0,0.0
0.0,1,4.0,122.0,6.0,0.0,-1.0,7.0,8.0,7.0,0.0
0.0,1,4.0,122.0,9.0,0.0,0.0,7.0,5.0,5.0,1.0
0.0,0,4.0,122.0,7.0,0.0,-2.0,8.0,9.0,9.0,0.0
0.0,1,4.0,122.0,2.0,0.0,-4.0,9.0,8.0,8.0,0.0
0.0,1,4.0,122.0,7.0,0.0,2.0,8.0,8.0,8.0,0.0
0.0,1,4.0,122.0,8.0,0.0,1.0,6.0,7.0,7.0,1.0
0.0,0,4.0,122.0,7.0,0.0,3.0,7.0,10.0,8.0,0.0
0.0,0,4.0,122.0,7.0,0.0,6.0,5.0,10.0,3.0,0.0
0.0,1,4.0,122.0,8.0,0.0,7.0,9.0,9.0,9.0,0.0
0.0,1,4.0,122.0,8.0,0.0,4.0,7.0,6.0,7.0,1.0
0.0,0,4.0,122.0,7.0,0.0,3.0,10.0,8.0,6.0,0.0
0.0,1,4.0,122.0,6.0,0.0,0.0,5.0,10.0,5.0,0.0
0.0,0,4.0,122.0,6.0,0.0,1.0,4.0,8.0,6.0,0.0
0.0,0,4.0,75.0,8.0,0.0,-3.0,9.0,6.0,8.0,1.0
0.0,0,4.0,75.0,6.0,0.0,-1.0,6.0,5.0,6.0,0.0
0.0,0,4.0,75.0,7.0,0.0,-4.0,6.0,6.0,5.0,0.0
0.0,0,4.0,75.0,9.0,0.0,-3.0,8.0,3.0,4.0,1.0
0.0,1,4.0,75.0,9.0,0.0,-5.0,9.0,8.0,8.0,0.0
0.0,0,4.0,75.0,9.0,0.0,3.0,8.0,7.0,9.0,0.0
0.0,0,4.0,75.0,7.0,0.0,-7.0,5.0,8.0,9.0,0.0
0.0,0,4.0,75.0,7.0,0.0,-1.0,7.0,6.0,6.0,0.0
0.0,0,4.0,75.0,8.0,0.0,-2.0,8.0,6.0,8.0,0.0
0.0,0,4.0,75.0,9.0,0.0,0.0,7.0,7.0,6.0,1.0
0.0,0,4.0,75.0,10.0,0.0,4.0,8.0,7.0,8.0,1.0
0.0,0,4.0,75.0,8.0,0.0,1.0,7.0,5.0,7.0,0.0
0.0,0,4.0,75.0,9.0,0.0,0.0,10.0,7.0,8.0,1.0
0.0,0,4.0,75.0,8.0,0.0,-3.0,8.0,6.0,8.0,0.0
0.0,0,4.0,75.0,8.0,0.0,-2.0,6.0,5.0,5.0,0.0
0.0,0,4.0,61.0,5.0,0.0,7.0,7.0,7.0,7.0,0.0
0.0,0,4.0,61.0,6.0,0.0,9.0,7.0,7.0,6.0,0.0
0.0,0,4.0,61.0,5.0,0.0,6.0,6.0,8.0,6.0,0.0
0.0,0,4.0,61.0,7.0,0.0,7.0,7.0,9.0,8.0,1.0
0.0,0,4.0,61.0,4.0,0.0,5.0,9.0,8.0,8.0,0.0
0.0,0,4.0,61.0,6.0,0.0,3.0,9.0,5.0,8.0,0.0
0.0,0,4.0,61.0,7.0,0.0,9.0,8.0,8.0,8.0,0.0
0.0,0,4.0,61.0,3.0,0.0,8.0,6.0,7.0,7.0,0.0
0.0,0,4.0,61.0,4.0,0.0,10.0,9.0,5.0,7.0,0.0
0.0,1,4.0,61.0,4.0,0.0,13.0,10.0,10.0,10.0,0.0
0.0,0,4.0,61.0,4.0,0.0,14.0,10.0,7.0,8.0,1.0
0.0,0,4.0,61.0,5.0,0.0,11.0,7.0,6.0,7.0,0.0
0.0,0,4.0,61.0,6.0,0.0,10.0,10.0,7.0,7.0,0.0
0.0,0,4.0,61.0,4.0,0.0,8.0,7.0,5.0,7.0,0.0
0.0,0,4.0,244.0,0.0,0.0,4.0,7.0,6.0,6.0,0.0
0.0,0,4.0,244.0,6.0,0.0,6.0,7.0,6.0,6.0,0.0
0.0,1,4.0,244.0,6.0,0.0,6.0,7.0,8.0,8.0,0.0
0.0,0,4.0,244.0,4.0,0.0,3.0,7.0,6.0,7.0,0.0
0.0,0,4.0,244.0,7.0,0.0,4.0,6.0,7.0,7.0,0.0
0.0,0,4.0,244.0,3.0,0.0,2.0,8.0,7.0,8.0,0.0
0.0,0,4.0,244.0,4.0,0.0,0.0,8.0,5.0,5.0,0.0
0.0,0,4.0,244.0,4.0,0.0,6.0,7.0,8.0,8.0,0.0
0.0,0,4.0,244.0,4.0,0.0,5.0,6.0,6.0,6.0,0.0
0.0,0,4.0,244.0,7.0,0.0,7.0,9.0,7.0,8.0,1.0
0.0,1,4.0,244.0,5.0,0.0,10.0,10.0,8.0,8.0,0.0
0.0,0,4.0,244.0,7.0,0.0,11.0,7.0,9.0,6.5,0.0
0.0,0,4.0,244.0,7.0,0.0,8.0,8.0,8.0,8.0,1.0
0.0,0,4.0,244.0,6.0,0.0,7.0,10.0,6.0,8.0,0.0
0.0,0,4.0,244.0,4.0,0.0,5.0,6.0,5.0,5.0,0.0
0.0,0,4.0,147.0,1.0,0.0,2.0,7.0,7.0,7.0,0.0
0.0,1,4.0,147.0,4.0,0.0,4.0,7.0,5.0,6.0,0.0
0.0,1,4.0,147.0,7.0,0.0,1.0,6.0,7.0,5.0,0.0
0.0,1,4.0,147.0,7.0,0.0,2.0,7.0,4.0,5.0,0.0
0.0,0,4.0,147.0,7.0,0.0,0.0,9.0,7.0,9.0,0.0
0.0,1,4.0,147.0,5.0,0.0,-2.0,6.0,7.0,2.0,0.0
0.0,1,4.0,147.0,6.0,0.0,4.0,7.0,7.0,8.0,0.0
0.0,1,4.0,147.0,7.0,0.0,3.0,8.0,5.0,6.0,0.0
0.0,0,4.0,147.0,6.0,0.0,5.0,7.0,6.0,7.0,0.0
0.0,1,4.0,147.0,6.0,0.0,9.0,8.0,6.0,8.0,1.0
0.0,1,4.0,147.0,5.0,0.0,6.0,7.0,4.0,5.0,0.0
0.0,0,4.0,147.0,6.0,0.0,5.0,10.0,7.0,8.0,0.0
0.0,0,4.0,147.0,3.0,0.0,3.0,8.0,7.0,6.0,0.0
0.0,1,4.0,44.0,6.0,0.0,-4.0,8.0,6.0,9.0,0.0
0.0,1,4.0,44.0,7.0,0.0,-7.0,8.0,8.0,8.0,1.0
0.0,1,4.0,44.0,6.0,0.0,-6.0,8.0,8.0,4.0,0.0
0.0,0,4.0,44.0,6.0,0.0,-8.0,10.0,7.0,9.0,1.0
0.0,1,4.0,44.0,6.0,0.0,-10.0,8.0,8.0,8.0,0.0
0.0,1,4.0,44.0,5.0,0.0,-4.0,7.0,7.0,7.0,0.0
0.0,1,4.0,44.0,8.0,0.0,-5.0,7.0,7.0,8.0,1.0
0.0,0,4.0,44.0,7.0,0.0,-3.0,8.0,7.0,8.0,1.0
0.0,0,4.0,44.0,7.0,0.0,0.0,6.0,9.0,8.0,0.0
0.0,1,4.0,44.0,5.0,0.0,1.0,8.0,8.0,7.0,1.0
0.0,1,4.0,44.0,9.0,0.0,-2.0,6.0,7.0,7.0,1.0
0.0,0,4.0,44.0,7.0,0.0,-3.0,10.0,7.0,8.0,1.0
0.0,1,4.0,44.0,8.0,0.0,-6.0,8.0,7.0,8.0,1.0
0.0,0,4.0,191.0,2.0,0.0,-5.0,6.0,6.0,6.0,0.0
0.0,1,4.0,191.0,4.0,0.0,-3.0,7.0,7.0,7.0,0.0
0.0,1,4.0,191.0,6.0,0.0,-6.0,7.0,7.0,5.0,0.0
0.0,1,4.0,191.0,10.0,0.0,-5.0,7.0,5.0,4.0,0.0
0.0,0,4.0,191.0,7.0,0.0,-7.0,8.0,9.0,9.0,0.0
0.0,1,4.0,191.0,2.0,0.0,-9.0,5.0,7.0,6.0,0.0
0.0,1,4.0,191.0,4.0,0.0,-3.0,6.0,7.0,6.0,0.0
0.0,1,4.0,191.0,6.0,0.0,-4.0,6.0,6.0,6.0,0.0
0.0,0,4.0,191.0,8.0,0.0,-2.0,8.0,7.0,8.0,0.0
0.0,0,4.0,191.0,7.0,0.0,1.0,10.0,6.0,8.0,0.0
0.0,1,4.0,191.0,7.0,0.0,2.0,9.0,9.0,9.0,0.0
0.0,1,4.0,191.0,7.0,0.0,-1.0,9.0,5.0,8.0,0.0
0.0,0,4.0,191.0,9.0,0.0,-2.0,10.0,6.0,6.0,0.0
0.0,1,4.0,191.0,7.0,0.0,-5.0,8.0,6.0,7.0,0.0
0.0,0,4.0,191.0,9.0,0.0,-4.0,6.0,5.0,5.0,0.0
0.0,0,4.0,141.0,6.0,0.0,-1.0,5.0,5.0,5.0,0.0
0.0,1,4.0,141.0,6.0,0.0,1.0,5.0,6.0,4.0,0.0
0.0,1,4.0,141.0,2.0,0.0,-2.0,8.0,7.0,7.0,0.0
0.0,1,4.0,141.0,9.0,0.0,-1.0,8.0,7.0,7.0,1.0
0.0,0,4.0,141.0,10.0,0.0,-3.0,8.0,8.0,9.0,0.0
0.0,0,4.0,141.0,5.0,0.0,5.0,9.0,9.0,6.0,0.0
0.0,1,4.0,141.0,5.0,0.0,-5.0,7.0,3.0,1.0,0.0
0.0,1,4.0,141.0,8.0,0.0,1.0,7.0,8.0,7.0,0.0
0.0,1,4.0,141.0,9.0,0.0,0.0,7.0,7.0,6.0,1.0
0.0,0,4.0,141.0,5.0,0.0,2.0,8.0,8.0,6.0,0.0
0.0,1,4.0,141.0,8.0,0.0,6.0,7.0,9.0,6.0,0.0
0.0,1,4.0,141.0,8.0,0.0,3.0,5.0,6.0,6.0,0.0
0.0,0,4.0,141.0,8.0,0.0,2.0,10.0,8.0,6.0,0.0
0.0,1,4.0,141.0,8.0,0.0,-1.0,7.0,9.0,5.0,0.0
0.0,0,4.0,141.0,8.0,0.0,0.0,7.0,8.0,6.0,0.0
0.0,1,4.0,37.0,2.0,0.0,-5.0,6.0,3.0,3.0,0.0
0.0,0,4.0,37.0,8.0,0.0,-3.0,8.0,5.0,4.0,0.0
0.0,0,4.0,37.0,7.0,0.0,-6.0,7.0,9.0,4.0,0.0
0.0,0,4.0,37.0,7.0,0.0,-5.0,8.0,5.0,6.0,0.0
0.0,0,4.0,37.0,6.0,0.0,-7.0,7.0,4.0,2.0,0.0
0.0,1,4.0,37.0,4.0,0.0,1.0,9.0,8.0,6.0,0.0
0.0,0,4.0,37.0,5.0,0.0,-9.0,7.0,2.0,2.0,0.0
0.0,0,4.0,37.0,4.0,0.0,-3.0,7.0,5.0,5.0,0.0
0.0,0,4.0,37.0,8.0,1.0,-4.0,10.0,10.0,10.0,0.0
0.0,0,4.0,37.0,5.0,0.0,-2.0,7.0,6.0,5.0,0.0
0.0,0,4.0,37.0,6.0,0.0,2.0,8.0,6.0,6.0,0.0
0.0,0,4.0,37.0,7.0,0.0,-1.0,8.0,5.0,6.0,0.0
0.0,1,4.0,37.0,7.0,0.0,-2.0,10.0,8.0,6.0,1.0
0.0,1,4.0,37.0,5.0,0.0,-4.0,8.0,5.0,4.0,0.0
0.0,0,4.0,114.0,3.0,0.0,1.0,8.0,7.0,6.0,0.0
0.0,1,4.0,114.0,4.0,0.0,3.0,6.0,4.0,7.0,0.0
0.0,1,4.0,114.0,9.0,0.0,0.0,7.0,8.0,6.0,1.0
0.0,1,4.0,114.0,9.0,0.0,1.0,7.0,7.0,5.0,1.0
0.0,0,4.0,114.0,6.0,0.0,-1.0,8.0,6.0,7.0,0.0
0.0,1,4.0,114.0,7.0,0.0,-3.0,8.0,8.0,6.0,0.0
0.0,1,4.0,114.0,5.0,0.0,3.0,6.0,6.0,6.0,0.0
0.0,1,4.0,114.0,6.0,0.0,2.0,8.0,6.0,6.0,0.0
0.0,0,4.0,114.0,7.0,0.0,4.0,7.0,6.0,7.0,1.0
0.0,1,4.0,114.0,8.0,0.0,8.0,9.0,9.0,9.0,1.0
0.0,1,4.0,114.0,8.0,0.0,5.0,7.0,8.0,6.0,0.0
0.0,0,4.0,114.0,7.0,0.0,4.0,10.0,8.0,6.0,1.0
0.0,0,4.0,114.0,6.0,0.0,2.0,6.0,4.0,3.0,0.0
1.0,0,4.0,28.0,7.0,0.0,6.0,7.0,7.0,10.0,1.0
1.0,0,4.0,28.0,5.0,0.0,5.0,2.0,10.0,2.0,0.0
1.0,1,4.0,28.0,8.0,0.0,2.0,6.0,9.0,6.0,0.0
1.0,0,4.0,28.0,8.0,0.0,0.0,10.0,10.0,8.0,0.0
1.0,0,4.0,28.0,8.0,0.0,3.0,7.0,9.0,10.0,1.0
1.0,0,4.0,28.0,6.0,0.0,-7.0,6.0,9.0,6.0,0.0
1.0,0,4.0,28.0,5.0,0.0,-4.0,5.0,0.0,10.0,0.0
1.0,0,4.0,28.0,5.0,0.0,-2.0,1.0,10.0,1.0,0.0
1.0,0,4.0,28.0,6.0,0.0,5.0,3.0,1.0,1.0,0.0
1.0,0,4.0,28.0,5.0,0.0,5.0,2.0,10.0,1.0,0.0
1.0,0,4.0,28.0,5.0,1.0,1.0,9.0,7.0,5.0,0.0
1.0,1,4.0,28.0,3.0,0.0,5.0,5.0,9.0,0.0,0.0
1.0,0,4.0,28.0,6.0,0.0,-1.0,3.0,8.0,3.0,0.0
1.0,0,4.0,28.0,7.0,0.0,-1.0,6.0,8.0,7.0,0.0
1.0,1,4.0,30.0,4.0,0.0,4.0,6.0,5.0,6.0,0.0
1.0,0,4.0,30.0,4.0,0.0,3.0,4.0,9.0,4.0,0.0
1.0,0,4.0,30.0,5.0,0.0,0.0,6.0,5.0,5.0,0.0
1.0,0,4.0,30.0,5.0,0.0,-1.0,9.0,9.0,8.0,0.0
1.0,1,4.0,30.0,6.0,0.0,-2.0,7.0,7.0,5.0,0.0
1.0,0,4.0,30.0,4.0,0.0,1.0,8.0,7.0,5.0,0.0
1.0,0,4.0,30.0,6.0,0.0,-9.0,6.0,8.0,7.0,0.0
1.0,0,4.0,30.0,5.0,0.0,-6.0,8.0,5.0,5.0,0.0
1.0,1,4.0,30.0,5.0,0.0,-4.0,6.0,6.0,5.0,0.0
1.0,1,4.0,30.0,9.0,0.0,4.0,8.0,7.0,7.0,0.0
1.0,1,4.0,30.0,6.0,0.0,3.0,2.0,2.0,2.0,0.0
1.0,1,4.0,30.0,7.0,0.0,3.0,10.0,10.0,2.0,0.0
1.0,1,4.0,30.0,2.0,0.0,-1.0,9.0,7.0,7.0,0.0
1.0,0,4.0,30.0,3.0,0.0,3.0,8.0,6.0,8.0,0.0
1.0,1,4.0,30.0,6.0,0.0,-3.0,8.0,8.0,4.0,0.0
1.0,1,4.0,30.0,6.0,0.0,-3.0,8.0,7.0,7.0,1.0
1.0,0,4.0,47.0,9.0,1.0,0.0,7.0,5.0,5.0,0.0
1.0,1,4.0,47.0,8.0,0.0,-6.0,8.0,6.0,6.0,0.0
1.0,0,4.0,47.0,8.0,0.0,1.0,6.0,6.0,6.0,0.0
1.0,1,4.0,126.0,8.0,0.0,6.0,7.0,9.0,7.0,1.0
1.0,0,4.0,126.0,8.0,0.0,2.0,7.0,7.0,7.0,0.0
1.0,0,4.0,126.0,6.0,0.0,1.0,8.0,7.0,8.0,0.0
1.0,1,4.0,126.0,9.0,0.0,0.0,8.0,9.0,7.0,1.0
1.0,0,4.0,126.0,8.0,0.0,3.0,8.0,10.0,10.0,1.0
1.0,0,4.0,126.0,9.0,0.0,-7.0,7.0,8.0,8.0,1.0
1.0,0,4.0,126.0,7.0,0.0,-4.0,5.0,5.0,7.0,0.0
1.0,1,4.0,126.0,6.0,0.0,-2.0,7.0,6.0,6.0,0.0
1.0,1,4.0,126.0,6.0,0.0,6.0,6.0,5.0,5.0,0.0
1.0,1,4.0,126.0,8.0,0.0,5.0,8.0,8.0,7.0,1.0
1.0,1,4.0,126.0,6.0,0.0,5.0,10.0,10.0,8.0,0.0
1.0,1,4.0,126.0,9.0,1.0,1.0,9.0,9.0,9.0,1.0
1.0,1,4.0,126.0,8.0,0.0,-1.0,10.0,9.0,10.0,1.0
1.0,0,4.0,30.0,6.0,0.0,4.0,6.0,6.0,6.0,0.0
1.0,0,4.0,30.0,6.0,0.0,3.0,8.0,8.0,7.0,0.0
1.0,0,4.0,30.0,8.0,0.0,2.0,8.0,7.0,6.0,0.0
1.0,1,4.0,30.0,7.0,0.0,5.0,10.0,10.0,9.0,0.0
1.0,0,4.0,30.0,6.0,0.0,-5.0,8.0,5.0,4.0,0.0
1.0,0,4.0,30.0,6.0,0.0,-2.0,5.0,7.0,4.0,0.0
1.0,0,4.0,30.0,8.0,0.0,0.0,8.0,8.0,5.0,0.0
1.0,0,4.0,30.0,8.0,0.0,8.0,6.0,5.0,5.0,1.0
1.0,0,4.0,30.0,6.0,0.0,7.0,10.0,9.0,5.0,0.0
1.0,0,4.0,30.0,8.0,0.0,7.0,10.0,10.0,6.0,0.0
1.0,0,4.0,30.0,8.0,1.0,3.0,9.0,9.0,10.0,0.0
1.0,0,4.0,30.0,4.0,0.0,7.0,8.0,7.0,6.0,0.0
1.0,0,4.0,30.0,6.0,0.0,1.0,8.0,9.0,4.0,0.0
1.0,0,4.0,30.0,8.0,0.0,1.0,7.0,7.0,7.0,1.0
1.0,0,4.0,229.0,9.0,0.0,-3.0,10.0,8.0,8.0,0.0
1.0,0,4.0,229.0,6.0,0.0,-5.0,9.0,6.0,6.0,0.0
1.0,1,4.0,229.0,6.0,0.0,-1.0,8.0,5.0,4.0,0.0
1.0,1,4.0,37.0,5.0,0.0,10.0,7.0,4.0,7.0,0.0
1.0,0,4.0,37.0,4.0,0.0,6.0,2.0,2.0,2.0,0.0
1.0,0,4.0,37.0,10.0,1.0,5.0,8.0,8.0,8.0,1.0
1.0,1,4.0,37.0,9.0,0.0,4.0,8.0,7.0,1.0,0.0
1.0,0,4.0,37.0,7.0,0.0,7.0,10.0,8.0,6.0,0.0
1.0,0,4.0,37.0,9.0,0.0,-3.0,7.0,7.0,6.0,0.0
1.0,0,4.0,37.0,7.0,0.0,0.0,5.0,7.0,3.0,0.0
1.0,1,4.0,37.0,4.0,0.0,2.0,8.0,5.0,6.0,0.0
1.0,1,4.0,37.0,7.0,0.0,10.0,8.0,5.0,5.0,0.0
1.0,1,4.0,37.0,7.0,0.0,9.0,3.0,4.0,5.0,0.0
1.0,1,4.0,37.0,5.0,0.0,9.0,10.0,10.0,1.0,0.0
1.0,1,4.0,37.0,3.0,0.0,5.0,10.0,7.0,6.0,0.0
1.0,0,4.0,37.0,4.0,0.0,9.0,7.0,6.0,5.0,0.0
1.0,0,4.0,37.0,8.0,0.0,7.0,6.0,5.0,6.0,0.0
1.0,1,4.0,37.0,7.0,0.0,3.0,8.0,8.0,7.0,0.0
1.0,1,4.0,37.0,6.0,0.0,3.0,7.0,7.0,6.0,0.0
1.0,1,4.0,31.0,6.0,0.0,4.0,7.0,8.0,10.0,0.0
1.0,0,4.0,31.0,6.0,0.0,0.0,5.0,5.0,5.0,0.0
1.0,0,4.0,31.0,6.0,0.0,-1.0,8.0,8.0,8.0,0.0
1.0,1,4.0,31.0,8.0,0.0,-2.0,9.0,7.0,6.0,0.0
1.0,0,4.0,31.0,5.0,0.0,1.0,8.0,9.0,8.0,0.0
1.0,0,4.0,31.0,7.0,0.0,-9.0,8.0,8.0,8.0,0.0
1.0,0,4.0,31.0,7.0,0.0,-6.0,5.0,5.0,5.0,0.0
1.0,1,4.0,31.0,7.0,0.0,-4.0,7.0,6.0,6.0,0.0
1.0,1,4.0,31.0,7.0,0.0,4.0,6.0,5.0,5.0,0.0
1.0,1,4.0,31.0,8.0,0.0,3.0,5.0,7.0,4.0,0.0
1.0,1,4.0,31.0,7.0,0.0,3.0,7.0,10.0,6.0,0.0
1.0,1,4.0,31.0,7.0,0.0,-1.0,9.0,8.0,7.0,0.0
1.0,0,4.0,31.0,5.0,0.0,3.0,8.0,4.0,6.0,0.0
1.0,1,4.0,31.0,6.0,0.0,-3.0,7.0,8.0,5.0,0.0
1.0,1,4.0,31.0,7.0,0.0,-3.0,7.0,7.0,7.0,0.0
1.0,1,4.0,221.0,7.0,0.0,5.0,6.0,5.0,5.0,0.0
1.0,0,4.0,221.0,5.0,0.0,4.0,5.0,9.0,9.0,0.0
1.0,0,4.0,221.0,8.0,1.0,0.0,8.0,8.0,6.0,0.0
1.0,1,4.0,221.0,8.0,0.0,-1.0,8.0,4.0,8.0,1.0
1.0,0,4.0,221.0,7.0,0.0,2.0,9.0,8.0,7.0,0.0
1.0,0,4.0,221.0,7.0,0.0,-8.0,8.0,6.0,6.0,0.0
1.0,0,4.0,221.0,6.0,0.0,-5.0,2.0,5.0,5.0,0.0
1.0,1,4.0,221.0,6.0,0.0,-3.0,7.0,9.0,7.0,0.0
1.0,1,4.0,221.0,7.0,0.0,5.0,8.0,5.0,8.0,1.0
1.0,1,4.0,221.0,6.0,0.0,4.0,3.0,5.0,5.0,0.0
1.0,1,4.0,221.0,6.0,0.0,4.0,9.0,8.0,5.0,0.0
1.0,1,4.0,221.0,7.0,0.0,0.0,9.0,8.0,8.0,1.0
1.0,0,4.0,221.0,10.0,1.0,4.0,10.0,10.0,10.0,0.0
1.0,1,4.0,221.0,7.0,0.0,-2.0,8.0,8.0,7.0,0.0
1.0,1,4.0,221.0,7.0,0.0,-2.0,8.0,8.0,8.0,1.0
1.0,0,4.0,126.0,9.0,0.0,-4.0,5.0,5.0,5.0,0.0
1.0,0,4.0,126.0,3.0,0.0,-6.0,9.0,8.0,9.0,0.0
1.0,1,4.0,126.0,10.0,0.0,-13.0,8.0,8.0,8.0,0.0
1.0,1,4.0,126.0,10.0,0.0,-10.0,6.0,5.0,6.0,0.0
1.0,0,4.0,126.0,7.0,0.0,0.0,7.0,7.0,7.0,0.0
1.0,0,4.0,126.0,7.0,0.0,-1.0,10.0,2.0,2.0,0.0
1.0,0,4.0,126.0,10.0,0.0,-7.0,7.0,7.0,7.0,0.0
1.0,1,4.0,72.0,6.0,0.0,-10.0,5.0,8.0,5.0,0.0
1.0,1,4.0,72.0,5.0,0.0,2.0,7.0,6.0,9.0,0.0
1.0,0,4.0,72.0,5.0,0.0,1.0,4.0,2.0,2.0,0.0
1.0,0,4.0,72.0,7.0,1.0,-2.0,6.0,6.0,6.0,1.0
1.0,0,4.0,72.0,6.0,0.0,-3.0,8.0,8.0,8.0,0.0
1.0,1,4.0,72.0,7.0,0.0,-4.0,7.0,7.0,8.0,1.0
1.0,0,4.0,72.0,6.0,0.0,-1.0,10.0,8.0,10.0,0.0
1.0,0,4.0,72.0,6.0,0.0,-11.0,7.0,7.0,6.0,0.0
1.0,0,4.0,72.0,7.0,0.0,-8.0,0.0,7.0,7.0,1.0
1.0,1,4.0,72.0,5.0,0.0,-6.0,6.0,6.0,4.0,0.0
1.0,1,4.0,72.0,8.0,0.0,2.0,8.0,10.0,7.0,1.0
1.0,1,4.0,72.0,5.0,0.0,1.0,9.0,7.0,6.0,0.0
1.0,1,4.0,72.0,7.0,0.0,1.0,10.0,10.0,5.0,0.0
1.0,1,4.0,72.0,5.0,0.0,-3.0,9.0,8.0,10.0,0.0
1.0,0,4.0,72.0,5.0,0.0,1.0,7.0,4.0,6.0,0.0
1.0,0,4.0,72.0,7.0,0.0,-1.0,7.0,6.0,7.0,0.0
1.0,1,4.0,72.0,6.0,0.0,-5.0,9.0,8.0,9.0,0.0
1.0,1,4.0,72.0,7.0,0.0,-5.0,7.0,7.0,7.0,0.0
1.0,0,4.0,82.0,7.0,0.0,3.0,7.0,7.0,6.0,0.0
1.0,0,4.0,82.0,7.0,0.0,2.0,10.0,10.0,6.0,1.0
1.0,1,4.0,82.0,7.0,0.0,-1.0,5.0,5.0,5.0,0.0
1.0,1,4.0,82.0,7.0,0.0,-2.0,8.0,8.0,8.0,1.0
1.0,0,4.0,82.0,8.0,0.0,-3.0,9.0,8.0,8.0,0.0
1.0,0,4.0,82.0,8.0,0.0,0.0,10.0,8.0,8.0,1.0
1.0,0,4.0,82.0,8.0,0.0,-10.0,8.0,6.0,9.0,0.0
1.0,0,4.0,82.0,8.0,0.0,-7.0,5.0,5.0,6.0,0.0
1.0,0,4.0,82.0,7.0,0.0,-5.0,8.0,6.0,5.0,0.0
1.0,0,4.0,82.0,7.0,0.0,3.0,7.0,5.0,7.0,1.0
1.0,0,4.0,82.0,6.0,0.0,2.0,4.0,8.0,8.0,0.0
1.0,0,4.0,82.0,5.0,0.0,2.0,10.0,10.0,10.0,0.0
1.0,0,4.0,82.0,5.0,0.0,-2.0,10.0,8.0,8.0,0.0
1.0,1,4.0,82.0,5.0,0.0,2.0,7.0,6.0,5.0,1.0
1.0,0,4.0,82.0,8.0,0.0,-4.0,9.0,9.0,7.0,1.0
1.0,0,4.0,82.0,8.0,0.0,-4.0,7.0,7.0,6.0,0.0
1.0,1,4.0,82.0,5.0,0.0,6.0,9.0,9.0,9.0,0.0
1.0,1,4.0,82.0,4.0,0.0,0.0,6.0,7.0,6.0,0.0
1.0,0,4.0,82.0,5.0,0.0,3.0,8.0,8.0,9.0,0.0
1.0,1,4.0,82.0,8.0,0.0,6.0,7.0,7.0,7.0,1.0
1.0,1,4.0,82.0,6.0,0.0,5.0,10.0,10.0,10.0,0.0
1.0,1,4.0,82.0,6.0,0.0,1.0,10.0,7.0,10.0,0.0
1.0,1,4.0,82.0,5.0,0.0,-1.0,7.0,6.0,6.0,0.0
0.0,1,5.0,195.0,8.0,0.0,-2.0,9.0,9.0,9.0,1.0
0.0,0,5.0,195.0,4.0,0.0,2.0,7.0,4.0,6.0,0.0
0.0,0,5.0,195.0,1.0,0.0,-2.0,7.0,4.0,4.0,0.0
0.0,0,5.0,195.0,8.0,0.0,-1.0,8.0,8.0,9.0,1.0
0.0,0,5.0,195.0,8.0,0.0,-2.0,8.0,6.0,6.0,1.0
0.0,0,5.0,195.0,8.0,1.0,-2.0,7.0,8.0,10.0,1.0
0.0,0,5.0,195.0,9.0,0.0,-1.0,9.0,9.0,9.0,1.0
0.0,0,5.0,195.0,2.0,0.0,1.0,5.0,5.0,5.0,0.0
0.0,0,5.0,61.0,8.0,1.0,-1.0,10.0,10.0,10.0,0.0
0.0,0,5.0,61.0,4.0,0.0,3.0,5.0,4.0,4.0,0.0
0.0,0,5.0,61.0,1.0,0.0,-1.0,6.0,5.0,5.0,0.0
0.0,1,5.0,61.0,9.0,1.0,0.0,8.0,7.0,7.0,1.0
0.0,1,5.0,61.0,7.0,0.0,-1.0,8.0,8.0,9.0,1.0
0.0,1,5.0,61.0,9.0,0.0,-1.0,5.0,5.0,5.0,0.0
0.0,1,5.0,61.0,6.0,0.0,0.0,9.0,8.0,8.0,1.0
0.0,0,5.0,61.0,3.0,0.0,2.0,5.0,5.0,5.0,0.0
0.0,0,5.0,253.0,10.0,1.0,-1.0,10.0,10.0,10.0,0.0
0.0,0,5.0,253.0,5.0,0.0,3.0,5.0,5.0,4.0,0.0
0.0,0,5.0,253.0,2.0,1.0,-1.0,2.0,4.0,4.0,0.0
0.0,1,5.0,253.0,10.0,1.0,0.0,10.0,9.0,10.0,1.0
0.0,1,5.0,253.0,8.0,0.0,-1.0,7.0,6.0,6.0,0.0
0.0,1,5.0,253.0,7.0,1.0,-1.0,3.0,7.0,10.0,1.0
0.0,1,5.0,253.0,8.0,0.0,0.0,7.0,8.0,10.0,1.0
0.0,0,5.0,251.0,10.0,1.0,-1.0,10.0,10.0,10.0,1.0
0.0,0,5.0,251.0,8.0,0.0,3.0,5.0,4.0,4.0,0.0
0.0,0,5.0,251.0,3.0,0.0,-1.0,4.0,5.0,2.0,0.0
0.0,1,5.0,251.0,10.0,1.0,0.0,10.0,10.0,10.0,1.0
0.0,1,5.0,251.0,7.0,1.0,-1.0,6.0,7.0,9.0,0.0
0.0,1,5.0,251.0,7.0,0.0,-1.0,7.0,5.0,7.0,1.0
0.0,1,5.0,251.0,6.0,0.0,0.0,7.0,8.0,7.0,0.0
0.0,0,5.0,251.0,5.0,0.0,2.0,5.0,5.0,5.0,0.0
0.0,0,5.0,63.0,8.0,1.0,-1.0,10.0,10.0,10.0,0.0
0.0,1,5.0,63.0,10.0,1.0,0.0,5.0,10.0,10.0,1.0
0.0,1,5.0,63.0,7.0,1.0,-1.0,7.0,7.0,7.0,0.0
0.0,1,5.0,63.0,7.0,0.0,-1.0,7.0,10.0,8.0,0.0
0.0,1,5.0,63.0,8.0,0.0,0.0,8.0,7.0,9.0,0.0
0.0,0,5.0,176.0,8.0,0.0,-3.0,8.0,7.0,6.0,1.0
0.0,0,5.0,79.0,6.0,0.0,-2.0,7.0,7.0,7.0,1.0
0.0,0,5.0,79.0,4.0,0.0,2.0,6.0,7.0,5.0,0.0
0.0,0,5.0,79.0,1.0,0.0,-2.0,5.0,8.0,6.0,0.0
0.0,0,5.0,79.0,5.0,0.0,-1.0,8.0,7.0,8.0,1.0
0.0,0,5.0,79.0,7.0,0.0,-2.0,7.0,6.0,7.0,0.0
0.0,0,5.0,79.0,2.0,0.0,-2.0,5.0,5.0,8.0,0.0
0.0,0,5.0,79.0,6.0,0.0,-1.0,8.0,8.0,10.0,1.0
0.0,0,5.0,79.0,5.0,0.0,1.0,6.0,6.0,6.0,0.0
0.0,0,5.0,252.0,9.0,0.0,-1.0,9.0,6.0,7.0,0.0
0.0,0,5.0,252.0,9.0,0.0,3.0,4.0,5.0,4.0,0.0
0.0,0,5.0,252.0,5.0,0.0,-1.0,7.0,7.0,6.0,0.0
0.0,1,5.0,252.0,8.0,0.0,0.0,6.0,4.0,5.0,0.0
0.0,1,5.0,252.0,9.0,0.0,-1.0,8.0,6.0,6.0,0.0
0.0,1,5.0,252.0,1.0,0.0,-1.0,8.0,5.0,0.0,0.0
0.0,1,5.0,252.0,9.0,0.0,0.0,9.0,8.0,7.0,0.0
0.0,0,5.0,252.0,9.0,0.0,2.0,5.0,7.0,6.0,0.0
1.0,1,5.0,126.0,9.0,0.0,2.0,7.0,7.0,9.0,1.0
1.0,0,5.0,126.0,10.0,1.0,1.0,10.0,5.0,10.0,0.0
1.0,0,5.0,126.0,8.0,0.0,2.0,6.0,4.0,7.0,0.0
1.0,0,5.0,126.0,10.0,1.0,1.0,10.0,10.0,10.0,0.0
1.0,0,5.0,126.0,10.0,1.0,1.0,10.0,10.0,10.0,1.0
1.0,0,5.0,126.0,10.0,1.0,1.0,10.0,10.0,10.0,0.0
1.0,0,5.0,126.0,8.0,0.0,2.0,8.0,8.0,8.0,1.0
1.0,0,5.0,126.0,7.0,0.0,1.0,10.0,7.0,7.0,0.0
1.0,0,5.0,20.0,8.0,0.0,-2.0,8.0,9.0,4.0,0.0
1.0,0,5.0,20.0,4.0,0.0,-3.0,9.0,5.0,5.0,0.0
1.0,0,5.0,20.0,4.0,0.0,-2.0,7.0,5.0,6.0,0.0
1.0,0,5.0,20.0,4.0,0.0,-3.0,10.0,6.0,7.0,0.0
1.0,0,5.0,20.0,4.0,0.0,-3.0,10.0,8.0,8.0,0.0
1.0,0,5.0,20.0,6.0,0.0,-3.0,10.0,8.0,7.0,0.0
1.0,0,5.0,20.0,5.0,1.0,-2.0,8.0,2.0,2.0,0.0
1.0,0,5.0,20.0,3.0,0.0,-3.0,10.0,10.0,5.0,0.0
1.0,0,5.0,60.0,6.0,0.0,2.0,1.0,8.0,2.0,0.0
1.0,0,5.0,60.0,8.0,0.0,1.0,9.0,10.0,1.0,0.0
1.0,0,5.0,60.0,7.0,1.0,2.0,3.0,9.0,2.0,0.0
1.0,0,5.0,60.0,6.0,1.0,1.0,10.0,10.0,2.0,0.0
1.0,0,5.0,60.0,7.0,0.0,1.0,4.0,10.0,2.0,0.0
1.0,0,5.0,60.0,7.0,0.0,1.0,8.0,9.0,5.0,0.0
1.0,0,5.0,60.0,8.0,0.0,2.0,1.0,6.0,1.0,0.0
1.0,0,5.0,60.0,7.0,0.0,1.0,6.0,6.0,6.0,0.0
1.0,0,5.0,12.0,8.0,0.0,1.0,7.0,7.0,8.0,1.0
1.0,1,5.0,12.0,7.0,1.0,0.0,9.0,10.0,10.0,1.0
1.0,0,5.0,12.0,5.0,1.0,1.0,5.0,5.0,6.0,0.0
1.0,1,5.0,12.0,10.0,1.0,0.0,10.0,10.0,10.0,1.0
1.0,1,5.0,12.0,10.0,1.0,0.0,8.0,8.0,9.0,1.0
1.0,1,5.0,12.0,10.0,1.0,0.0,10.0,10.0,10.0,1.0
1.0,0,5.0,12.0,7.0,0.0,2.0,8.0,8.0,9.0,1.0
1.0,0,5.0,12.0,7.0,0.0,1.0,8.0,8.0,6.0,1.0
1.0,1,5.0,12.0,3.0,0.0,0.0,10.0,8.0,8.0,0.0
1.0,0,5.0,248.0,6.0,0.0,2.0,7.0,8.0,6.0,1.0
1.0,1,5.0,248.0,7.0,0.0,1.0,9.0,7.0,7.0,1.0
1.0,0,5.0,248.0,6.0,0.0,2.0,6.0,5.0,5.0,0.0
1.0,1,5.0,248.0,5.0,0.0,1.0,10.0,10.0,8.0,0.0
1.0,1,5.0,248.0,7.0,1.0,1.0,9.0,9.0,7.0,0.0
1.0,1,5.0,248.0,7.0,0.0,1.0,10.0,8.0,7.0,0.0
1.0,0,5.0,248.0,7.0,0.0,2.0,10.0,8.0,7.0,0.0
1.0,1,5.0,248.0,5.0,0.0,1.0,7.0,10.0,7.0,0.0
1.0,0,5.0,152.0,10.0,1.0,2.0,6.0,8.0,8.0,1.0
1.0,1,5.0,152.0,5.0,0.0,1.0,9.0,7.0,10.0,0.0
1.0,1,5.0,152.0,7.0,1.0,1.0,5.0,10.0,9.0,1.0
1.0,1,5.0,152.0,7.0,0.0,1.0,6.0,5.0,7.0,1.0
1.0,1,5.0,152.0,7.0,0.0,1.0,6.0,8.0,6.0,0.0
1.0,0,5.0,152.0,8.0,0.0,3.0,10.0,8.0,10.0,1.0
1.0,0,5.0,152.0,7.0,0.0,2.0,4.0,2.0,2.0,0.0
1.0,1,5.0,152.0,4.0,0.0,1.0,4.0,1.0,1.0,0.0
1.0,0,5.0,76.0,9.0,0.0,1.0,10.0,7.0,8.0,1.0
1.0,1,5.0,76.0,7.0,0.0,0.0,10.0,7.0,8.0,1.0
1.0,0,5.0,76.0,7.0,0.0,1.0,6.0,7.0,8.0,1.0
1.0,1,5.0,76.0,8.0,0.0,0.0,10.0,8.0,8.0,1.0
1.0,1,5.0,76.0,6.0,0.0,0.0,8.0,6.0,6.0,0.0
1.0,1,5.0,76.0,8.0,0.0,0.0,8.0,6.0,6.0,0.0
1.0,0,5.0,76.0,8.0,0.0,1.0,7.0,5.0,6.0,1.0
1.0,1,5.0,76.0,5.0,0.0,0.0,10.0,7.0,5.0,0.0
1.0,0,5.0,47.0,5.0,0.0,-1.0,7.0,5.0,2.0,0.0
1.0,0,5.0,47.0,5.0,0.0,-2.0,9.0,6.0,3.0,0.0
1.0,0,5.0,47.0,5.0,0.0,-1.0,6.0,3.0,5.0,0.0
1.0,0,5.0,47.0,5.0,0.0,-2.0,8.0,7.0,3.0,0.0
1.0,0,5.0,47.0,5.0,0.0,-1.0,8.0,7.0,5.0,0.0
